host_id,pathogen_id,host_seq,pathogen_seq,label
HOST0,PATH0,NTCDSLIFLVIPSQGTNDHAPAVQYRMSWNHQSYWKWWDPRGRVYMYMWEGYLWIVLRKQIVSRCQDETIRLHTPNPEFAEWMKHTIWQPRIVYWMDSFWLINWKTKAMSHNTP,NVSSTGTQCAASFDPHCEMEGRLHLAIKEDVMFPTAADRERQMFYSMFPINHPCGYVHVHWRKGAVATYNEVYRMIHFQKEDQGLHVVAFHYSHFQTWHVQLYFRCEWFSPTIHGVPYVDNDACVSTHPSINFCGVNWLGSTAQCDVAFYKDEFRDWIYWGGLDQAAYGN,0
HOST1,PATH1,IICHPLGSSVVLIEFEITCSCNHFYAESNWFDPTCFTKGVRAASILVDSHMQEDDVHRTPDFMRSTPQNWYFGMAVFSQKKGKMATELSWYAQNNDYGNECLEHVWWPFHQYRHPRQYFWSPIMSFGGNERLCDPMIEKWRSLIPITMYMCGDRCYYPYQCVFVWWIWKPLFKMWQGINYMNAYFGEDFHSTKVV,MLVSNIGDTDRMYSYDMNHMIMAKKHISQLPIFAGNVTMYLTKRYHEPMIAIKKVNRVRLRPPPKPPWSTSTP,0
HOST2,PATH2,WSKQHLGEMGCNCCKERECPGHMFHCQWQLNAGRYNIRIILGPRGPFQVVKWWFGCRVNNWDWLESVKHKDFQCFHWYATASQLMRVKQGPEFFKSYFGMILGLDFCAALVTGEETPSAIVMNGCQHAMMDWSKELDGTEKHGGPFNSEKQPYWMMRMWCGPYCECCFK,CCTLIYAMKDIRVAMCTCAIRHDSTVHKFNHHSYNDQKYRT,0
HOST3,PATH3,MAYYREIHKDCHSMKHGRMADHRSNLGLIRIVCNCALVGFNHYSIHNHMAGFDDSWPTYQRFCNPVSFTMKNWLTFFLVFLIWELCTYKAMIVCPMNKIYAYQPMTMYHSPYGKWWMPNLDKDSYGAKQAKGQSACCAGGSPVSITLDDYTIDSWKWGKGHWFTWKKCFDRDESCPEAKYCFKAQWRQTRYQETRAFPVDKQLIPLDPREGRWMVPTWSPVDSRHVRCPGWDMGFDGKPWCTMWGLHLLNFESRNLDMM,PTVHLHDDGCMRNQFENVKAAHPCFQYHPMAHDGSQACRDHGAADIWPFQGMHWITPTPVKQPM,0
HOST4,PATH4,KWHFHDPDFVGAMWGDRRCYINTMNPKDCNQTLTSIGESTKYDGQPYMATDRWDAKQGIKLCSPQTTNMSNSNYILQWPDYVDARKRGPVWPKISHSFPDHDMMPVSDNLFPYIFFYHFQRIQQWKIDLGDAKSQWLIMTWEMDGLTRSFQYMFKEEQCMNEIAFFAMEMPYCILNACCTAMSAVLREDNTSPYTNQQTLGWGGERCIWGGINAYYFCNPMRFD,IEPCSCRIQNDMCFIGQYITFRHMCTFLGTNPSGCTHTYPDVPFFMDWRTIWDRGADFSILPGPQWMVYSKGCTDNLAFTMWWCQAKKYNEMMEIVYSCWLTEDWGAMYTIYSTPIWLWNWLKNHDNVGVSSKYSNDNAWHINPNLP,1
HOST5,PATH5,MHWMWWIDNNKVKIHGIRSFSSIGSCRWYKDNPFCRAMSTFMNHGMATSAYKENRRPMEWFNYMRLSILWPIWPALEVAFVMEWFKFMHWCNEPYNPILWQNPTTNHPEMLTPQWVNRWSPEGTHSIMGASSLIMFLHYDVCDVWGMCIHHVTARHQTCSGKHAPQSSRPHIWYTVWKFAFFRIPRGRIRQKEDYKHTLWDPTQKTSPDFPPYWKSCNMEGAVFQKRACAHSPNLGNMVEICYRAHDNMCEFHTCHRCKFRYCCFFECCRCSRWRMVRRSHISWVIQCWTLHEPFS,VMWWSILIILADENVRDLPDCPFPEVHKMVWTQCEMYREIYMVVSPQHDWAGPYFFTHKIAWQACDIVDFHMWMWMKVNLMIKCFSDFEIAIPQVCPEHNTQYAHLACINDCHRNYPVNLKCCQVAEHHTGHLYGPAKWFI,0
HOST6,PATH6,RLGGEDCIRQEYELQAPCCMLLHMERIIRTLNITIIFPMVKVEDWAIHTNLNVPKEFKLHDEDTRMFRLMHMMHTFQQTHKRMEVKMIFCDMDILMNNWNLGHSTGVACQYNKHHRIRGKHCKVVPVMHHDESYVPEQKLYNWIIRHRPITGDEEDDHYLQWHNNSHQTWEMVWCHPCKAIPVVFWYWHYISAQYISPVFTHFVCAITYDSTEHIHVWMGWEEMYDKMKTPRQNASFQNAQDLYFRG,YIALEFQSRHGMCDTVVHKWNRLGKPWIKYWEDFFISKCETMAVGDFSIKHRMDWICDVPDYTIEAPLSYNCMMDTRIPYFYITHDFPQDIVEQNAKYCLCKGPQAWLFWVSWKCMRKG,0
HOST7,PATH7,EMQSQKQNLPHCDYVTGTSMHDYYVKRWMDYMSPCLAGYQNDQPPQWKPMNQECDANHSEEVCIQNGDNFVGWAPGLKTESAPTKTIIWYSFWIVHFGQYMDQVSAHSRYVSQIASLVDVPVRKMCFNEIPNVKNKSPWDDGPPFGNGTDSERSWWAQWSLSGTKYANDSYLTFATKCQWCPHACAHHMPVVEPVFPYPRHYTHHALVSDFEGFENWVPHWFAFSRHFPMS,HCTDLTLPEKDAHMGHWGAVPVKFHQDQDAPDNVYKRNTEMWFCVHNMGIMIYIKMLCSNDPMMTDHAKTLMSSANMMNFHIGMWGMRVFFEQKGECWRKYWFLQDVKFDMLQKVFYGKITFWVEVPHAVLYLDPWFICHATMP,0
HOST8,PATH8,DEQRRLIYGGACPQFREIPSLTLQTNNWAAAHMPQAVFYHTRAMIYFIEAMPETFWQYKTPRKMGHWCTREKTMMMEYRGHRVNGIMVRFAQGVEYTGATDEIECMQSCCLRFNDVVWICTKHKRRKGECYYCNYNYDRTDFWFPWRSGTDILRACIEWKNKVWW,NCDTRWCCEELRMQVQNVRLCRDPPICHQWAPHAMWRIWRNQVQCKDNVA,0
HOST9,PATH9,NKYERDWGRKPSLGTNRAVMNWHLNWNYDVCNPGLAPGTWIDYYTWTLEFFFDWRNDGDHCSISPFMLYWIPTSNEMCPSYTGLAQRMNPSGITPHQDMRAVKYTEDGTHPNWARLPKHWKGMRHYFRIGALMKLMTCDKDKMYFFIRHGSAGLSMHWTEFPFKIYSSDAINQKYSGKPSPWWKPVSRDMCPFVKGIAIRFWQICWPERLQYSVGDTMLKMFAMVGGEGVYGVKQVRVICFWCRASYPHWHPMWFCHQAVVGQTVKPALVMWDGYAFK,LFMCSKQSFWYLCPQFSGGCPSQHGCEGFAIAMAICEQCSQPMRFKAAKPYTCWIKECLMVQENTFGGYDPIRMFVMAFEHEPPIGPISVRWHVKVPGGVLENDCGSFVAHAQPSTWKIPLEKIVCRRWNRDVCPDFQIQFCHMTVIWNEMQSDYNAGTCHQDRNGTCESPFITECL,0
HOST10,PATH10,CEVPRDGCSVWYIGQLSWRFDNSKKFQYHNESAIPERNILMMNDFDQQTMQHRIPCRPKYLKPECIETMWIVAPQIFYNATVPHYWKRLDYICDQILFMFLEFMQPGLTSNMSWGYNAAHSQLCRTAWWHQR,YEKTCIAFITPCSSHERWFHHYCAELYASMVYRFWAYKGVLIHKFMKGAESRWDWVIYYTNVEDDQYEDVVDAGGADTCLRRHDKIKGLYAFTLSCYASFRTRYFVPEFCWHHDTNFSMSRKIVEDVQWPYKCQGIIHMNCVHRH,1
HOST11,PATH11,KAYKYDGMATHYDPDEPLWWKDTIGICKQQFLNWIMCFAFRMKKSAWMCEMSDGIYDGYIVMVLRHWQRISLQNQADCDALCFHWGLQNMQIRCHYKRTKEPQIVLFLGL,SNQSFKFCRESQKMSVRASSMRQHLALYQHRVSGQNLGQKGKDHWQGYVFWHEGVFTQIDCLRSWGIAYDKRHKCRDVELKWIHAYTAGPGREGMNCQDDHTLGSGMPAMLSTMTDVNSC,0
HOST12,PATH12,IAKVHYDLKMKNGCVKWISTELDPSDWPEESFSNYLLMIMPYTTWDEEPFSQWSCLMIPKYMQLLQEAWPDFWKYCRQGSNSWEPVVQPWTCVQTVDGFVHGWFQECDLHWYWCKWRFVWLVAQYGHECGSAHT,DGQWNLWDVPFSENLDWEIPGCHITMWDTYYGDSKPCYIYAGLIFYMWMSPDQRRLATYCAKRKTVNPPIFWGTMRSVTHTVPEYSIHTQIWYQ,1
HOST13,PATH13,FGEQDARENILSQDFICEKRKIWAVLVNGISYIWWDHGQSLCHRRNNMEAGHRPKNPDGRGVLKDMDAMRVMRIQRKDMTKVPGHMDCHCHKSDYLYCIPDLPQLNMACYFNQLDVWDSCPQHGIWKLIYPKSRGVGYLAMLLKVQYEYHCNNISPHFAQITLITKLDDRDSVDPSVMWTVEIPGGKFWHTFTHKHQGQAGYNPRAYHILMILDVWVYWLFHFVWHPQVPCLGQLIKYFWHQMQYDFSLLHMLGMPRTDKRWTCWNWAQDTCHQNIQCVTPHSWIMDPIDGT,YASEQAHAKPAMKVIAFVLIHGDNDDDFVEAWLYSLKAKFIVPWSVDMTSTKDMNSIVVRRYCHKKQKIAALHFACELFLRCPSWYEAPMWNTALEE,0
HOST14,PATH14,GEPVNTREVICTSPFSMYLDGIDHTVEFYCYALFSPRPVWVKEYCPIGDMVPCDWFHDHTGKDYWMCEAGAGRNPHCERCIIWIHNCFFRMCNNWNSW,TDEKLDECCEFHPYNLIDQLQIFHEGYENWKHDDWLHARDLSTVGEDHHEDKKDTCIIIPMPRCYMSELSHNVMMQWGYRIEGKRKCCWCWWPQVTRSWFKSQKYAEDH,1
HOST15,PATH15,YSKWHMRHRWISCWLIYCMYIGLQGWWSMKFILHMATSSCGFNYITAQIIQTWKMLCNRWFNSFGKQTGPYYTKRLMIYSMAHVCVKCLSALQKGPMDVVMWPAWQE,YWAHITCSHFKLIWVTAQWDRFNAIQCFKVKVMAL,1
HOST16,PATH16,IMFMAPNDHKTYNSIWWYPCFFPHKSCAFPFWMMMCPNRHVKSANWEAAITFQTFVNKIETTFCDIIWSEVYYLPWEYGHFRRFFYTGTRKWRGWISLKFMMHFMKMSWMPCFIMFMRRVPSPDPQGSIVVKSFEVCQRLGAIKLFGFDHVVMQPNLQIHFIRASSQQDIDMKIYKVHFIIMCPYDTIDSYRTTTLLCSWYWLSITECEGELRMWEAHQEAGVGEGMSQVKFECPHIIA,CLIHALIHPRMSDKQWGGWWPKARWAIGQENIRAPVIHYCMHDIFVWRTAYVTSFEFHAFWGLGWDLGSTMHGGMYMSHLCIAQPHSIESLHPTEKIHWCLVEWLDCNMNMFVSKQYVLNNMNEFTPQRRF,0
HOST17,PATH17,GGSGWRVTQMWENMGNFQDRPYPRPSQYVSCCSWETAKFWDITPVMCHPLYNKPIHGIYITKKWQHDWHSVIICSDPADRGADFYFEEIHNLNRPADQMFVPMMWRRQNLNWNDHSFFESSVPTFPLQWEYPDKQYTPSFVEPCVCTQMHQMPHDMRESPACMWAVPMLNYAICCENNEQWLHVWLDVMEWCGWPNMNNKSKSMNHGTTYAVRLWTRRQYNKFMCQGQSHWIDYHKC,LAENQGPDVICYTYAMKYEQFKYQWHWKGHCPMMLNYCDMEQPMSNMSFTCLNWTHTSFENCVKTMNRWWTIAMCYLLQWEAIILRFDLFTQWREPKTAARDNRMTVYCARLEAHGPHACEPQNWPGKAASAEEDCATHLNNANIRDSDNFNNTYYKINWQDTDDTEILVENGRGRMFS,0
HOST18,PATH18,FSETCIVPHAKYRENTQLRHEQMRTSKFYIWIRIQQQANWMICAAEDIMKKPMGLEQYPCWEFGVWAPAQAWKEIDHPDTPHKREMLVCFPDFFVIMNEACKVTMFCESQKMGSVSMGFMHNRKMNWSMALFCKPWLNSKQESQPPVATQITMGNSNLIICCIRLLAYEHWGWRFREVNQVIDQKKTFENPLDKVSEQNWINMTNFIPGEYSFHEYGDTPAG,TDHEHLHRATEHMEPKHNRESQTMIICHGGKWELSRNGHKGSEQDVNFVDSFSMQVDVNCHRKGPYY,0
HOST19,PATH19,PFRVCQEWTPMVRMAKSCVMWQTKAVPHALILIQKQMGAILIMREMTTKRPRENIWMADFVIFQVACIWIAKWKQYRSMDTAAFFKAEGRWTEP,EYRVHWDDCNIVDVCHKTLDMDNWCKMCIWENLPTMSWSLFSECGAKKQFVHCTMQEEFKGSENWHSWSRFPCFQKAAQPTKRWDIVSNTYNGMGGMCCIDMGRCYHHSYLSCKLTKKLMCMIFPADYIT,1
HOST20,PATH20,VSCVFYAQKGHRCRGKWYTTIPSFREQYYVEPFKRDQLTNVWTRDECNFHIEGGVFDWDWINNWMCKHMMYMGMHDDQEFHKWGPPVPWKCNAWGMPDIIYETQRTLYMICDLQCCRCANYPYFRNKNQEQTCAWQLARSIPSAMEPGDNENLSGVNTQDFHKHSRAWRNTAMSVGYPYNWNMVQNLLHKQCTTFRPNCYFVYSICCSVVSGVNQDVHLRKRVWARYVQECNRPAEVCIGKWVLCFAKTKEECQIWQMNAGIAYKIQTLRRDRSVFHKRSCCHW,ICHKENMEYHNNKYQINIGITDMGVCLIITQCYWCENYECIEIINEKWFRIPASQGSGWFSASDQCPLLPFQKCYWAMQEPEFAPYKIHEHQPHLVEWRLWVEPKTDMASFNQTKHWWKVWGVAKCNSQNAEYQLAMTFM,0
HOST21,PATH21,YYQFNKDIEQVCWFQCQDRKYYYFESKIMSSQGARVWESIHMNPYSENVWLHPKAVCPKIHCDTYNNKKNSRHHAWDDLRVGYIDMMRMCHDYSNLLHEVAKHNYFIQSVSPEATSIYYFFSMETDPSSNEYHMPFTEVADWCVKDFEMRRRIAMQWRLCWPKTAYAAFFLRFGNETTIFDRDETLVLMCLNWHYDDLVTHWTPIYKQPG,HLCDANADIYMNHAAMYPGIYFWKRMADTPPWVIWLNDRGCMCWYSELIVSGVEHAFRCGTCWFSIKHMKKMDNGLICHPAEWKARQNAYAQLTMLRCRWK,0
HOST22,PATH22,SPQARMNEKSYGLDRMYERTAHVMGRKGGGMYVPWPGFQDSYWSPRLPWMSEKSAQAHRDTFVNARRTVQHFFGNMRWWWFVVYECNLIAVRATTPSRYGGIDCVIKEMEQVRFWHGFIYSDRYHTCWPRFVQCLHGQMVCEWAFVRRKHEDYMAPCEFSHFHRALSDWIFHLIYALPPLCIPNLRGMFPHPLGMRTANLGWSSG,ANQYQWSIGPGTPILVVNFNCSCQVEQVTCEATGEKYCEATTRTCNRHVQYSAYHMPATSLCVGMTSYGNFHRGYHNDGFFFWVHSLYDCGRALAMACCPDCGVFRECKAHKLRHPEICPHMNHMHTDF,0
HOST23,PATH23,DCEAYCMNEMNWEYCDASIRNDFHYWMPMWKNWECWELWEIHMVVFEPAELRLGDCHEKKGMWIAREKSGREQHQYNIKIDCFPINNWGNKVIVEEIQLPQEHTRKVKKCEDAVASWFPQFTASPRDKYHTTCHL,NNMSQLQCQGYEREKQWIWKNTHWSGQPCFPSDIYPDCLWGEFNPGSTNRDQVDAPEAGMRHLTEFPSEF,0
HOST24,PATH24,ETLYFFMTKRVEAALDHVPSHFWEGVRIAFEPFAIYQVTPPRTTCKWSKHEPVAALKMTSTNRWQDSRSPHIALYATWFKTPECETNWQVIRFCPVYHWYKKQCTPPVNHEYIQIEYHNWWCEKNEHKTGMCNDHIWQDGFRIPRHMTHYDLTAIQKVDTKTKICEQFERSFIQINDQWTGFSVCYFKSVHWKCEYFITNYTELSSYAGHDVFLFASTLLPKIYCVQIDTSIILWPTDFRAYRWLHVCFQPM,GRCSYKTNELFHNRDMIRTYVARAWIALRLMMKSGCWSHQCPHFKFGAFKHKLNSAKWKSFIKWQTNPAFRIARCPCWFCDIGMNASGDQGTWLMPFRENYWCTGVWFISIVIMDREQADFNASDLCIIRPDMGNRHVRNCSQWESWKYATSWTDPAWNTNGWTAEEWDIQQHNFCFKFDALLWDVLSQNPQKTWRIL,1
HOST25,PATH25,EETLSQVGMKKSETMTTRWWNWMYYMFVGHIFPQETTSYQEVCKQICMFQQDHMMVEVEFMNKYKQATDVNEDTCPECCQY,ETQWSSPLTGHCNVGHHGQDEIDFEGPDWWIFDQIAIIDSFLFEGFWAYCYHWDLTANQMLDRYYVAYSFAQGTGCDVADVDCEFEQMWFRGMWFRDNQND,1
HOST26,PATH26,EIEWDMMQEFCHCDDVSIIWYVEENGIALYCSVVFPARFRFLGERGIYTICMKADEDPQPEAPIAPMEPLYYICYKFPEWKYPEVKKCQETKEICKSTYSNGEASGLCTSDCELKAVVLFEFVIQQPKSRVWQCGCFFPEAHSPMYAQDEPAVFEAFFDCMKAWRFNYQGWIGDSMKNNVPDRGYATEPPTYVAQYWLEVYEDYFDGYECVQADAQWAAEAALWKGLTWSNPFSKASRKRIDEEHFQCR,VMPFYFMFVHSTQIIHEWSDPQRDTWMNFLQGGYLWY,0
HOST27,PATH27,AANSYQWYWQYCNCDEIVFIKMKTTWMWRSLNIIVDKDSSLLETIRIMAMCPWALHTVEHFAGWAYQKPHHDTYSNPVHPEYATANYDQYMLGHDKPKAPYVMADIYRGKIKKCNGGCQDQRMSSSEVYMASYNMCLFIDFWYEYFGWPGAHLKALIHE,CCHKHQMGIVCSEVMFCSKSKIGAQSSWGGSWVWYQRYFFGAAPIHVQRFMNIKHHMCGLINSNPSQVM,1
HOST28,PATH28,FVRQHLYSICMWQSSWWKAKAYHETSLLQQSRENQHVHFDDNPDITSLIMPQRYKWCNIDLKHCIFCPGMKWAAVSVRNIPHKITDVTCCACYKVNFMFYLKASSFQVHGVQYRCMTEKYFAICKPDLLWENVGHWQFYNWGQKMLTNFVYTEHSCCGFITPYLCNFLDWCTFVTFQSDSLTNLEICIRHLGLVIFCVWVSSKGWFNGIAPHWRNCDKWYCTWCWHKALRMPSKSQQYSCTIVDIVIPQNQRLW,DRCDLEFQLVQSSINNTRFLFHFSVYCTCKDEPNFKKKQWPTYKWWQACQTLHNKGQQLSYNDHQWFAHHFI,0
HOST29,PATH29,QEFDKVPHYDGVWAQAWQMCVRLHGNFWQVETVGEYLQWQAHARHLLMCWYDCWISFGRILVLHTKGKNCFICELLPKIRFMEVLNWAPAFDNEQDISKYVLMNRYSGTMTWYMDFFINPHRRYMDHGKYLMKHQVSIWFARAQPGWINCNFTKFTECFVWHIELEGGLNFSWDWNSPKPSDSPCCFLRKECNDIQRHYHWHEVAYKCVVGGVMGIFYRTCAHFRNCQYHDSNSSVIISAKRGYKANKHTKSQRDYACMTVGPNLW,RMDNEASMPNPTMMMEILVMCETHIVRAAT,0
HOST30,PATH30,SMEVCGCCHYYPASTEEMVWIEREGMSSPGGVSHASGSIKLCSYKCDLTKPIQWMHPINADNTAWSCQMIRRYCAMAGCVRTCPAGPTYMWHNANKRVFELCVFANFVKQMELNLRIHENDQNSIGHFS,HCEEVYYRSTEYDLMIKHHIHAEDEPIFPFPAHYSNSCNTHLYIPSPKCENAF,0
HOST31,PATH31,RAIKKWINCTFYHCYYDVAFRCTCHGPSWMELMSQINCPDYVEWNRKQFELTTKGACTNVTHQTIEGDQTIMQTDSYGPWFTMCKPNQEVNGWHPIHAHPLISEKTIPDAQVIINECLHRYKNQYPMIDFAEYGVQARMEYFWSISGFYYRSNMYGESWSAKCTVNAYSWFMALYKRYADL,SPSRRFCASDVMHFMCWHPGERLDVHYWFYQTVLDYEKHPDTVMRPWSGWMRDGEPKWYAMLTISVCIYPRYDEWAFRWQCKYRIEREKFFHKFMIYTFHPCESYIESDIKFGLLTPAGIREQTWLMTDWIEDPPDCNLMRGVIAGGHKLVGS,0
HOST32,PATH32,KCMKHIWADDHQFNVDPVWEGWWVWRCPHHTHRRATWTCNDACYPLWVRAHYIFHWAPDNQRWAEISSEETFQFKVMIHQDYLGKKYDTPYNQILHLLYDWSHVDWQRVPKPYVPPRPRRLIRHAIPLHPDSK,ADPLWFYMASGFKNETELDANCNHMVILSCESTRMNAKSGFKNFMMSHTFKWTLWPQ,0
HOST33,PATH33,FHMYPHKYLRDPLFQWGIGMSTRQCYWPQNMDACRKTCDEDLEYFERISAAYDSTFVDPCYIHFLCACFPAVPSSDAAGDGEIDHENCGPTCCACATKHMSFPMPMSSPKKTIRQPRMEEAAIMLPGRARYFLECGERVDDDWDRLFSLMVQLNRFIGAPYWRESNQQYQKWNAGKKKEMVECLQNFRICDIWPNIWWFCGQTVMFHFTQGMWDLQHHAMKNCTATSFDIQIGFPVTWKYHAHLRPTDDAQWKAWANAPPLRIAYASNFEAHWVDIQYWGTQGFEIKV,RHERCCTFQSPAGHSPEQLPDSAMGCLMIDWKIILQLRQMSSVNEVKRCRISQG,0
HOST34,PATH34,KHNNILNEIERTNFVIAWTGRQFHGRAMFNRMNTMPFMKHQANPHREFLIANADRPALYDRHLYCITCPVDVVYDIKLPPKYTQAHGKHEFNDEDFVYSYHSIRYFKLFWWDENDKPLQASLNTPNLCSQWEKHHALILCLNLKRSHRDGHVCMRKHVLYIDQATGASQKKHMFNNWAPMQFFDENACYAHAKVWLQMNMWVTHSPVVCHTKFESVMLTFVPYKQVWKGPHWTRNDWCETQMREWKKWDM,LIIHKSSHLFFQMKTMHYQDCYLGCFYCIVHHDWICFQRLDIFLKAAGPFCWNYMMCPEQDRNQESNQPCQLHGGVMMMLNKKNVANACKDWPRVEDVQGTWQIHRVVMWAIEPINRSRDWCIELQEPTEVWPYFNAYWHTNKPCSGQSMNQPLFLHDMYCEFQKWEDHAPNIDGRYPDNENTFICEFNPLKA,0
HOST35,PATH35,YDKDLKAIGHEHTRYMVYTTLSDFSRDHEDWQGPCKWGKMAGWCRFPALAWAYLYLSRDHAHVRDGYNVSCLWWDAEKQDVKSWSTGGICFYACGIPGEMAEPMKTMFRCFDKPMNRGFIPVSEEDIFWVRVDWEYWIEQGNWFKSKINYMCRCYEGMDNHSGQEWHFCGDEAMKYAMHFVVHLKFMA,WMTAMNFRLVNCMIISMIMIGWTEFQGELGNRPGSNMKMNDHHHTVFYWREVDVRSPRKFWPHLLIQESEHIYNISNSVWIHDAIGGL,0
HOST36,PATH36,YTVGEYYWTYASFYVYKREPSNDEVQTATKRKVLREINAQVYCPSRWDNPEEHTAWVCHDHIREGVHCSVLYLSFQGWHLQMTHRSRFLEPMSFTMCPWIVTQTFHKHMWFVNHDGMLYVNGTSYPWKPPEMTNQELKKYGYMAICHANPSSSQATMLPGCYNNFFLLHCKYDHVIRYAWSCETPMECKQWTLYPATSRCSLGNGGLMGMQHRPCAADKTVDVDPHFQIKCWDEYGKTNTNMI,WPYGYHTFCLTGPGQKDVNWCPKMTWFWMYMEYQDMHGTYSWPNKADSAHHHWCRSTFCSPHNSFIHPDYVMWGTASGIPKICCFPYIWMIAKWCYQLRACPQDMELAHDSVPFICIMPNHWTLSPEMGQHMVVFCVWTVRLWLL,0
HOST37,PATH37,DFCMSGTDGPRSGVLVSIYIQELAHHQIEYRLLIWPTSMNEFEVCFGEGPVEYQFMCPYQFDRRDDCAMCPLNPDNGMHMAYLFNISIMWTNEMMGAGMDKFFHDNQVKLPKMWHSQINMFMWMCYANSPPMHWSSMSCDQHQMGWSWQYYQTFASPRKPHWIHCEIVKGSYIFDCVGSYVYEEPLSMPCITDQAYPIKDMPCSTVHVECSCDPEFDSN,WHMCYWIIDPFHLMHWFDEGFYESHPRPGCGGFRHRCSVVPWGWHKAQHIKMRPLKDDVSCKHWPNYGAYGVTDGPEHQRFEFIANQYSIWMLDLGGPNKKHPSMGHTVTFSQTWHIQEQTESPVDCIL,0
HOST38,PATH38,RMTIFLTLHVAQYRPQWGSKNHYMSDCITRCAPQIGSMRNEITMDTDDYCRDMCHTRKNLCLHPGKHQHMNHWKGIRERNYLDTRMPMEGMQTKKHSGVWGMQCVTMLHLEDLMDQDPAVRVANPAMEFRPPIDFKLVVCHFEQNDNKIVSDWVIVGTMHWDQQLDFIFWDPWMAECHNQVMVTKSNMNIMENVHQSHRWTKVVMLRTFFAEKGSYRQPNEGALGG,RIGRFFYSGSQFYSHLSWWKGNENEPWECEYWIWFQAINAMMVTFPCERKCHAPCHRNGSVEIEIDMLPRIR,0
HOST39,PATH39,WTIPSDCDDMGYFRRNIVWKHNSEECMTQYVWRSNCRSPQMHSEEQDGEYTFCYEGCPSDNGTVHWGVGYRYIRTPRCWVAQCKPGLYQTAWSQSAKFYQIVGQGGQDELPHIWDNDYCFMPHSPNWAFHDCMFEGTPMHNFSEMCYQDRQSYTGNDFARPWALEQPQKLKDDAVCPDIVCHWPCGDLGSEDKKNSCGVNQFARKHYDAIDEYCTPTDEQCVMMILRVYVKECRWTNGENWKAHHMQERMDWMQPNMIAIYSTIYIHPFHKATQLPESSLP,HIRNTVYCSGIFFVFRILLECWSMAFCYQFTSRYGFAWNHLRDCKREIMLDFCCNTARTDYEGRFNQQVGEHIDSREEGMQRILRWVYRP,0
HOST0,PATH40,SGELQLRKPVEMRMCTFCWDFMPWCRCVTIHQNSEQMQWNLLSQNFTYWVPADIEFGNKKVQFCGGQSIFRGDRHAYALEVPGRHAAPVQKNRQMFQPPKCATFAALLQLHWPVRRAKLFMHERCIGTFHFWSEEDREAHAGFPEHPVQLIWYIMEAFGDLLEKFNWFTANWEPIEYMEQSACRRNMAYSSGMKTIMQPSKETMQRWGCYFICEHANFRICHAEIAWGDAIYAEMGDLDDPNFKKPVTMRVQ,VAFQWPMFRRSNSMSGEEMWAMISEMGKWIWMIDKHRPQQAPNEFDANRRAVYKLPWTIQCIVLWPNQVPHALIDIPIKRCRKIECDPYQDSILLYIGLTPMDPLGPLRNEYWAPFLVYVHGMEYHHH,0
HOST1,PATH41,NGLYFAWKRNDMMDIWYNKYLMKYCTAFWHNTMTWRREMCCMMIFSDVLSARIRCKKAPEQPIACDRKYKLKNNKEGGWDKGVHYRALKR,LVVTHQHINGTLIGFPPVGDSFRMTLIDAWAHIPVARGYCSISGHPMHFPFPQTQACFAGSLGCENERGKNGFRCFCFQRFLCKMKQKDQQSDDRRQGVKIPVYECCKDSRAQTWNPNHLMIWRNREDDYCDYIHALSNFEMVDLYCIHCAYNKDHSCKHWVQNSEIVLEFEATM,0
HOST2,PATH42,FHLCWESYRRKIAWMWEYLHCGFWADSRMYLVYRSGMSTTWCMRCPVPLACVQWQRSYSEVWRVKALYDYYDYIAFLIYTVSHDMIFSEMKGASRTGYNWCFHVILKDHIWTYRKGYHHAENDWMNKWHSSCIACAKTVRETVRWPIVHEELLWTAHHHWSKLLTPYDMLGFRCMHVMITPHAVGDYMHNINGTSEWHAQQGWYCNGEYPAE,NAMMNFNADHLKFDTEGWLYQILHSAEAQDDHGNEWKEVYRDKWGHEGKFNDCIVVLSSQVFMVCAKNVLDESNPQMEQLSYSSGS,0
HOST3,PATH43,TELHFEKVTVCAPDLDHKGRVYRDYQIHHESIVYNMEKNKLLHLDCICIFHQQHMMCKYATFKIFKLHFAVLTGLQEHSNHWITHLVFHIELKHSHELQCWDKGQWFSERFRPDWWQDSADSWFLSQIDDYQGQQMLYKNCDVNCKNMRVHNNFQA,KCIFIRPTSILYIFTERVIDIDALDWVTIGKGGESWRAKYARLHNMEVQHMVRSPNTVEIAMVKSGVVIFCMQFTAATCLFLEYTQHYDY,0
HOST4,PATH44,CPYQYFSQWEHQHAFFLNMYVNTKVAGNDNIRWKLLWRQAFALGPDRAMFLMKEFWEEAVTDYFFWEPGNKMWFKNYRCEKGMWRPKHRPIKQDNKPVIQHLFKSRTMQQLVRGLYYWSYVEYRGTWLNEQIVPYSPTGVAVKRSNVRYAEACYTSFTKPTIPIYMCIHEPHRQNDLCLCFHRVNVFMEKHQGLPVWNSITVSSYKSYKSPYDEFMQDMQREPDYFMWQNFLYQTENSTDWFHYWKVWGIYKYEGMIRPPENRRLFEH,WNLCGVGWTMKFTACMDIQWIYLNEPKNKVFDKTCTDEMPQTVIINMQIRHDRRVPKQQRADIYPFCELDCFHYQMHLSQDKWIYNGDDNVVLNMEIWTIERYQMLCKHWTMFVMLCGYAKYAGDRLTGQNTTMCLKMKTTYWKAAIAETQTRLEPMNNLNMDRMNVQKNIMPVHSTKDYMPYGPQQGKSCV,0
HOST5,PATH45,GKMWHGYMCMFIFATKGHHSNWANNVHTSHFDAGMQWAGDHYHHMFWRCTERKDMVWDADRLTNWLLWNQDQGFNQTECDDKWCVLCMVKWVDQSVGHMREFPWGKKYQTWTKDWHDDSRTGHYQPKQCFIGEVCAGITWQDRIWCGIDHHQENGFMSTTHHYCIRKDAQKISWGNQACWGHMLIMWNDRCCKSLINQQKTIIWGFGKNEDNWLYNG,KADMVGLEIYEHKFFQKEGTGHIYSNYPNGFHSECMGGLVESRQKASLDYYWGEEHTQDELKSKCTGHGRCI,0
HOST6,PATH46,RHQRDECDAPYDHMVLKRIFYFRCIWPSDDPFHQMPWTMLPPTGLMAFTVTQLSVKRIGSFYMHQSNDEMIVSYSAWPEHHQPWMCMYHFDMRSQEATHVIFCAHGANSCEPHCDIPLHCNRRK,EYDLMKHYWNKWEEESCKKFKKWVNILFEYRWVRCNDNVQDYSQLIALVKEWAIYDIRDRRRRADGSVLHETKAEKKPMAETYNLGFEIYLMPQAWTLWSTPISDMWEVNWGRSDINNMEHH,1
HOST7,PATH47,APNQEYTMWQSDMCDKVKYDICHGIAVRCCCSKNKTKQWCDWRFHADLIQRMWMGPKSNNDTWIVKMWIEKDHCHQHWELFVSAIACVKYSRRHGCFYWFDAAEYVPDIPCNTRSTFAGYDIDQLRYFDEGDFFKCWTRMPHCVSNPIYQKQPSMYWCFRIERHWGCPVFWRLQRPPRYCSQIRCRIAQRFSHMGWRNIAPTYYMSITIPCQLFGFWKLYHRCCKCLRYHRTKLMTSLIVRTGSNDY,ETCCSCWFKHWFKSYCFCMTSVKGSWDIPPLVIAINGIFHDFVPTQLTLQFQMFTLMQVTILALLYNKCINGTNRGLHQPLESKGNVCMIGLNAVTSAKE,0
HOST8,PATH48,LCWSDCCMQLDNCCEMWVEKHLQSVGEIQKLLFGDCILEIGMMRFAMIFMPFHVVRKVIEAAICVVNKNKTYSSKDVLEQCSYEKMLYDVLDLEGWYCGVNFDAAQIDHHVQECGINKVHCWLNASENFVHTCNMEACAHHSPGWDFKEAANFDKFSDACPTIQKLPFACRVRKHCRKAGDASEEKVQFSQHSCFRFMNHDWLYLSLEDASFNICCDVLMKFCEIMNPMIEYDLKRMPCDKE,MFWHAWWPDMHVREAPDVIDKMHWHEKHFSSHATPQRLRNHMAYFKNKFISIPRSDHVGVHLHKKVFFTKRGYKGLSMWVCLEKGHCK,0
HOST9,PATH49,IHEPNARIRSRHGLTWNSWGSLDAREARSIWFQQTVVPNQTHQRQGMCNADTMCHKHDYTWYMEMTPLLDMLMNQHCLRWALLFIFQTMTAYDQLLFIIPVNASPANKGFIRTVDYFLFTTNRALQWDCWLFTKRACLAKWYLQDDENWPMMIMETFGTYLWHWYYRPLPTKLTFEFHFKTRTKSFSCMPGEMWLYSKRGPGVCSTPIHFGIYAWQLLIKFSSCLE,VWFVLAKHHESLIMKTISDVMYIHPASYANYMCVKRADNRLWSWQVQMSGMIYMHMRPPYLAVVYKVCWQQSWTWYTGVDMKICMQFTMNPVMDKCWQIIEKYNNRGHCNGSELGADVKFLHAKRPQCCGCDRQMLVRACELRQPEMYFPCWQWNFLCVMGVPFMREEEHGTKVVRCHCDSRMCKWWDIMMRADLRSLN,1
HOST10,PATH50,YVLGAYWCLGTYTNFNFMHARFFMQKRKNVAYGRGFQVYMGCGVKKWLTPEMVRIERDHPWIYQFWMIVEKCMMYSGVVCFESRFREQN,IANHAIKQADDVMIHQPCSPETLHMHDRNKETQQIGVYCYPLIKMYDMGWKHTWYEAPFTMWMFCGWNSCRYWDIPNCTMKSMRSDMEGKKFFGVQMDNYSGQDHQYSAHNFYVGIAPQWDRMACLART,0
HOST11,PATH51,QLTPVERTSASQAKANSAKTNQNMGNTPRQGHTMRMHRAYQGCDLLANQTIIANSKHEWVSWHRTDWIGQGCFSETAFLMYKRPHYTIHHCKKDQCCDHEATGLWFMIKTFKSVSAMFERWHVSYMPVHHGMAKVWTVPATKWHWFTKCQDLCYNCNRCCDNVQQDLPFCIIMKGRCKCCCEPGYAMFYELNDPPCLGYQMWQPSCISKPDVVCWKTFYWGWNMSHVNKTQGREKEGRWDFKCFHGIAWNMWQPGLTPVLYNIITDNAFKTPL,GPRDWRFACATVFYVQPLNNWQKALKPIAMYHNTEMYYGYCCPNQMEWWFIDPPVVINSRWVEPEELNQYLTMHWGIKVDMCTTQPGKRIALLGKLGLVGERQLCPYKPYVAEEPMSILIGWHQEFPDPPYNRCCYYNCLYEHWFDKPMMWGSSCMDNYFICDQPLVAANEPCRHKQELYFLPAIDQEAMGQMFVGSV,1
HOST12,PATH52,HKYPLQFMGILYNIHGRIMFISSNTMWLNTNAHHFPQASKVTVGCRYVSRKSYDTKEVVALPEDDPMKSVVNPVIHQINPQRYVLRHHQMPHPVPENLAKNFFNKQCWTAK,WYWETVTPSTTYHHAPNFLKTFWQRCWQWTKDAQCHYSSANGKGGTHAFLAY,1
HOST13,PATH53,YEASELVNCEGYVVEKYFYGIQGLVTPYFCGYDTFANAHDKYTLFGRNECYWSCIGMSPDFEMLFGYTTTKYYSVYIRTIECIAAQETSALAMVCNVDLWGYHRDPVETAPHRVWSYLKMKGFHNCSKLYGHTVCHMWKKCLYLAATHVPPYPSPQAPGPFEMNKSAICMSQLPNGFTKQYDITADAQGMNDMCIKGWACLTNPMTIGMDSSTDPDRMPQYMPGFIFGAENCCGEQYMVWEQAAKYWDRPVMLHFDCNHITCDMRKSICEIWYVAIPMWHYLCK,TWTNKGFWQTKWHIPLFTMFPYTKHHWIHRCCDITPTCDRVVCPNNVILRYQTRKAGGWLGSCSWHEFEARCAGKMDLDQHLNPRICGAIK,0
HOST14,PATH54,GINYHCQFVFRNVYLHNNVPKVYWPFSITVSCHCPWEQVHGLQMRCKCTSLACFWSMSEHEMQAWCPKFKFLNHIGAHNESVSQYFTCIHQWVTWECILRTIIAVPRRLVQMQRPPFQCQKRWVAASGPGNKGRKIHLSFTYMNPTTIYWFNTHYKTNCVGECAVHHYKHRFVRSAEGVHQQWLAFKLRTTTKLGTQNGTEGNMWHYEEDQTLLNSHTKHIWFSLPVGVQCYILEVK,VCEHECHNIFWTPLQHGQHWEIDQQYTHCWSDNFTPTSIKMQMGMWTIRHLLYCRNCGSTCATVKFMFPIEGHVVVQDQDNDQSMQNVNRDLLRLPTPNGRCMWEYQTKKTKGRIDTHFVWNYLGVLGRVIMFN,0
HOST15,PATH55,DFELYCMPSYPMHSHCLKLHVQPRQVFSSICCIPNSLRGFTDENCDKSNIWSIKHSMAMTWTYAVPFQKSESKIGCFPFMFPFPTCKDIVNYSDFMYQHFAWPFGQAQQGEILEWAKVDHSNMYFSHLYLPMKNNTEPHGQWVGLDMHKWENYYTQYMSREKLWRYEICPVTERAAHFWTDLPYKLDGHYCCNGLCMAENWLPVSTTVGDRGQGDNGHAYYLWGPNNNCQKESMFSPLLWADNHEYIGGESPMKWE,NLPQHQRRKVYEIGDFNGVGCGGIRRGLSMDVCMFQICYLLNWCYVYPEKMYKDKSCNNWSNQYTNRSKCHPTYVYQNLNDPVMEADWWEIMQNERGPIQHFWFPHNYCGKEISFCFWMGSSSKQKHFLPPHWWHA,0
HOST16,PATH56,IVTTSQEDITDWANNNVMSYRHMQWFAGEIIPKGCFYSHADPFCNPLSKFEPICCYIGDYKENCGRIAYTDAEGLVYTNQPLNMFMDVHDHFFTEVMGKNNIMTHHCHSGREWAHEYAYWTHYSMMMSWTQHATKSTSYHCMMPFFMCLTVDRQYEKNCTFCDRCWVACFCDCWGYKFETPHPFTPYWLVQAAPEKFGWKEHQGWWAHLYLNAILCQFRPIPTMWKYAWSYNLDLKDTGAVAPFWGCQTHDAMSSTEVAMENAQKLHLSAHMHGGQIWDVYLRLQHEHNICHA,HVKWWDRYYDLPRSSLYANRKPYWSDLFYQEGHDFYFQGHNKIGLSRLFNFLMERCQFGSLQCDCGLHNIGCPNDTKDSNCWS,0
HOST17,PATH57,TFLSQEARRASRRFLSWCATDCKSQPYSALSQAFWSKWWTEAPAQALQYRVGSRWEVHIGYPGVEWTIKCCVNYPPFTMHWCDINNRLCCTYYPQCCCCGFCYYSIPVVQMLRAYEFDPKLMTEQYRNSSLFWYRHMQCEGCGACIMHTSITLCIHECERYIEAK,YVNHRIHSQFLMWYWTRKDMMIMKWYACWVFMFHNHAEYENLNSYFYCRVHAQDGSHHTEYHPHGYNRSCQNCFMPSHLAPHIDVKLLTNREHWYIPCNFNIEEPNCIKTPTPLNTWWPSPQDLFAVHQCAPLNLNGKEPKDLCAYAHWFMGNSPFHYFEEVKPIRGRFARKTWGPPAWWDWNFVGAR,0
HOST18,PATH58,RHADWIHPYPRMPIAHTWIKRHWIETLEQRMNSSKSADTFKLSPCYQEWSRADFGDVDHQNRHYLNISESDFCRHVCMEMTDTCYFGRS,PQNSMDQCQNKMIMEADGIDVCLLTVEQCEMYSLAAYGGMWYRYEVWFSAMYMVDIKHKQGSIFESTKATFFKPECGPITRHYVPIGCPAMMRWPSRLYFKALCLTCCIMSDPEHDIQYGFYTCGYVWMWEKFLHKARFNDADWR,1
HOST19,PATH59,TWESGGRSGSDWHHYLWKCLYKRCMKVSSPEMLEQDIDKNHKPPPKLARKVSSPQPWVFGMKMPANYESHRYAGWCSCETLVGMQYQQEFCSFFDLYYCLDDNCLICYLYIRSLRYMPPDWYKWIRADLNNKLAYETRKEFNDNHYWIGEIIIWYACKMEPYDANTPTPDPLYPIVPYVWCVVCWIEVIHCERNGTFAKHWKFQNPHTPEDWVNTWIALKSQGHMDYHRQLEYGNYAKAGTGCFYADRTFLVNVWSPPSTCAWRHDNPSEPINSHYEMDHQQQKKIMSLFP,QECVVGFYPFQKYANISAAVCIGIKDKPYCVIRQRHYCSDVSCEAVNGHYRRATGKGATDVGTLY,0
HOST20,PATH0,DVQRMNGCMFNMYNWSVMPGNDERPRPMGCYIYYVMPMYMNPDQPCLTFWVPMMTVPMVLRLPPYWIPRGFGQPPRKYKQILCMCVKYINKRQEFGHFRKWCRWEMTDVLVNVMDFATQSPMTDVDVACPPTGGPQCGYFTDLTIF,PPSGCCYYLNYIIRDHSGEYCRRCLSVHHMNGNEIKQPLPIMKTLCMVPKRSWGFDWTYKQEFACSEL,0
HOST21,PATH1,RASCVCFQRVDSHWETLNPVSDQKFIAWHNHYNIEWYGKAWIAHRMPINWVEKLCYVDRTWENKQMSTTWWPPFEFCQNMDGPTKKK,IKMKLVPQMMAYICKFRCTAADRMFRCMLIKFMDARANWCDWYQVVIKQYWNGNKNGYTMHQCSFYNKTKCSLDRIMMKQVNRMFSI,0
HOST22,PATH2,VQKEKNFIQLPLCEEFLQMNFIDANTWNDAEKNLGQANWINRDTPPKNMEGMDYTGTGKLDSPELCSPSTSASPKNTQHMYEGIDWPTCDGKQHSRATVVCEFEGHSGYFFPPPDCIKMVLCPGCKPDHHHFVRFTCQAPYLAMIAMKKHYKPAGFQQSVNERLHCPHPHVHDPMGYCIKQGALEDDIHCKEYVNDVHMLNDQECYINCFLGAHIPNLDHVAAQVWLHSYWNTQQWGDYRRDFTVQMILF,MNGHDFCMKKCHPVDMGNIMSKWMIENVHCEQLMMMTSYMGGHGINKFEVAFFSLWSYDTFGSDWFQAIGDPPADSTQNDSNSFKNGNGCSCERTQHDWAHGWLSDCHYDFMKCFLQETSQPAMCRDVYWMQNHISDFQAVSHIPKNANRQQEMCCPS,0
HOST23,PATH3,MFSDRYEVGSHMQRQELWAHMNCHREYVFTWHYKVIRDNEACFDYDVLQTMINEKAYAYCLWVAMSNPRWLPEWAMHQNVPPYKGCLLRAVGLPFENPSMKKKGSALEHYETSHCFYHLEWWCTQICYIDQSRDYVTPNMKIMHAHMFSGTECTEPINSRFSQFCTPDRDLMPHGCNRSQRTAITNLICQLIWEQGMGDTQLCNYNMCYRGHHHGSTTHSRPIWTWPFGGPLYGPHMCQEGLKLTTHG,LHIQCMYHLRHEVIFMYCSQGHANGIHTSSSTARYWIKHKGCQNPKASKVSEEMN,0
HOST24,PATH4,CYYHNWNRCGCHNDFDWRCMDWPIPLTTYWSMMPHVNWKPMRLRMDAESRWRCILITPPIAAEVEESYAWECYEHIKPYYAPTSDGLMFNILPWDPAANHEARDYQCDNSIDSLKDECWFGNDCLVLNEQSWFKMWYYRTSVAFCQCWNYCCYTFNPPNEMQQCRLTLHHMHVREINGSKFHGSGQQADGRDGARHVCSIPRSMAEGIKYDNPYQHCCWRNHGDKFDGDWE,KWMDEFHCRFVFFGGEAFMYGMEVICGTRAEYVDFWRHNKMNTWNGVGRLHMEIVKNTPIAIVYWSLK,0
HOST25,PATH5,LYTVWSRKHWIFGIKAEYCRYYFKLGVSEDNRHGHPGFDHVMMTTTCGCYISKCIEKTSFPAELAKKQLGWPIWANEYLPQDCN,AHLKEPNYFDIWNVVFDHCPPEPSGNTFDLRFQLKCHEDFIEGE,1
HOST26,PATH6,GETQPWCCGTRTIWIMATISYTTREGDNGDDFMVWPGFSEQLHCTTFWNVTTFEDEEHTRPIDQEYNQTDENCAGYMRFLRNCHEAEDQYFITYVVHKSWWQFTVFKKHTDEYVICGEGSGVSVVNFTSGGYQGMCRALFQYHVYPKLQIQGQLWWTAHKTYQIKLHYHDIKDYSIHPGVTL,SIEQEICLYDMYDLCFDYGGAIAMEECAAPPGINGLKGEIPTGTTHMELVWFDQVGQPFQPEIKDYSEAQYYFILGMYRDMVPWSNQGHVRQYDVFGWRQYVETSLFEGEVKHFCYRFDISAEPCTLALRNQCHYITCDGPDVFYCYCWETPNQRYDINGQAWINQYPYADPKCWPMPSLWNMHHRTAWGCVM,1
HOST27,PATH7,FIPNRTMGQAQNSRWEEFHKKFEVLEQKHYYCGGFWDKRHVVWEMKNVWHQYHHIYSLPYTGIPMCYIYNLFNFVAFRMNMIEGQIPKPRVDVVMIQSNLKGWCTKNCCFSDAGGMGGQQISREVCYWIPTEWLGCDDEDMEPHRDRGLNCHYDFMPHPNEVWQFDLNFWHYCE,GSFGGRIENSAHGFCMCICRDEPGYDQLHKLMVPPLPKKIGPNMEIKCFKNEGQIPTVNMYWFLHCIIECRFLWCSERSTRILQCCFRWKCNPGEMHPEWNNILMWTDYCFSHCLRSLSTASKHLYSHYKFLEKESWPSKQKKRNKGDPMMAENMKWDTQECTKV,1
HOST28,PATH8,EADRSSFGTPDCAMWYYYNCLKKEFPWGNWSYTDDLVSNEMDETCWANDYTFVTENEQMLACGMGNQDEHIMAPILRDEICDEDPHNVCPTFQLSAMMRSVQPILAMWAYMLYFDYNYGRTPMSSLLQESYSVGFAPSKSYILVSPIATEINHMKCKNALVYRRCEEYKEGNQICKQLWRSHLIAPLRKDMKEWTPVVWNTVEHFQCHKFQNPIFKTVSVLDYTWSRISSYSLCMNSGRPPLTAWTPPLNARKCGTEKWKNIYMCYYFGYNCLVNAEAVGVPMSHCKHIKRFHKC,YMDTKCVKKHMNQYGTVIPGTDPYLWMDKHSMTEHRCDIESGQYWSHIAVCDLTQSSAQGISRVCRYDSTAMSHEKNQAAGIVPHRISPIFVHWVFEVMHTLIHLFPLHPNQKVIFDIDCCFICVRRAIISQYSHGHHTIMPATNCNYRHFGDLWIWLMVIFKMMHSLEKLYYMPIYFACVWYEYQEHRHLHSCCVMK,0
HOST29,PATH9,MDHLPYKMYKWDLKNCSHQQTDSAATPTEEKIPRSQGGSWNEPATGIAKYYFVWLEVNDDCFLRIMEECCAYGTLWPLKGQYHSTKTAAHLLKYVLCQKFYTWDPILYLGEGFFWDPYCIAETVTIPLQYRGSATCGKQATCKLAPEMWHMVGE,GGTVWACCCVDNFCECTHPCYGHGCAFDWQFGEMNQHVEQICWDRTGSVDYSNASAADPWCDTGDQIQAKHRTNNRGQLVHTGNVWIFYGFDHISIKCVKSQWMLCLAIWSAMEHIQSWQSQLKDKEIWKFWFECLVWIRTNRIAFCVIRIIERPQVNMHPQGENWHRTKSDASVGYVTPQLHNSQPKFLAGHHRVSV,1
HOST30,PATH10,SHWQWQWREVVRSWQVADHTENTIMLFQNWSQRLEEACIEVRFLLTFIFASRLIIIIKDIWMVPFPIKWYIEDGTWTYNGRHLHTDWKPAKASGGMRSGMGKYRVTRACGPIETQLHKDCHETAMAHFRYGWFTVDCAAMPAFAIMPDCKDGEFKLICVRSLDNY,CCCKTKMKCCPTGMCGLNCATAVNHYVMFPKKSRRQSKFKQKREQCNAAFGSEHWVWHNAKHVYNNDYCSQVVAQCCFVFFYNHEGAKDIYPGNWEHGVGAPCYSVRMKDIAKNDGLSCVYFWSPMYEKTELATAQWGPVPDERRAHTCQGITLLTFYSMQQFQKTQLQFMIQ,0
HOST31,PATH11,FAIMMRGHMNPMEPNMHEESIMPQPFDQYHMDPPLMRDECGGCRNICTEHFQQCHIAFGRQSREIANYCKCNYKTKNLWHIVSRFGNHCHHESTDWAIHLRWDLVDYVHLIAWVQWLLKMRLSLWWYINMPQNYHDRQGHVPMKWAEWYTFEFRLTNMVQHQIKKYWKFDAWIMMKGAQMALWIRTFACQEMWWH,HIEWEMHMVYDERGALTFFAQHIMAPFSCGVVMKQAFKQDWTAELPNDCVQDNFQICTILMKSHFLGDRVWVMCEAATTCPQAQEDKVGCTQQCSFDGMHAKISMIQCATYAFL,0
HOST32,PATH12,IAPCRRCHNVMPEHNYEMMDMWLSMTLHHDRSEMHGGASTAHQDMVYSGDWYQGFRSILGANCMEKNDMLCRWKNERSPNMYCPTWEILRTVLMIMKWNEMYKLTCGQCWCEPCNHNTKYMNMIREPHSSNLRELRNTVVLL,SFKHQHELHHTWLAPTKECHHVWHMGDWVVEEHPGVMIQPPFEGPNRFYPEPYAPKRYSRWT,0
HOST33,PATH13,CIHCVFAVIKVLDSMKSLSLDNFDACLERGLWNKGRCVTTNDEEEHNIMFHMIDRKVVIMMRDNMHAKCDEQYQNPFPRFRVPKAKREMGINPGNRQVNYWLWFIYLSYSWYTEEWEDAQKSKVRPLLSLKKYA,RCNSASGIITCYQEDRRSQNAMRFGHYWAWLGFEVWTACHRKFMKYPHWNCFPR,0
HOST34,PATH14,RCQRYIQLVCCPHVAWHYPMTYFPPKFSWRKQDVVHPRHPGEVTCDALQDNYLGDCGNPDHDVLIPAWPQVISLEELAWFTAEKFCFCTQKHCTRIWHQKDFTDANEDHNQHLKVEEHDDVAVKHYWWWLLEAEVHVRTYMVGIDSRQKNTRPFVIWNMGYPEEQPFGNHIMGSPVRQVQHHETGGGWQMTNIDCQFVRREYRPITAFSSK,KVYLWQLQLARTMAEDDGTRYMFLFSGWVDMIPSPDRSFGMAAMCVMCKENGYECNPMYCTVLHLGLNQVQSKSYTRRYISSPEATYNYLDGEKYQNWNGSICGAIWGVEAPRPKVVNHWHFLFEDPDLCLMDGYKPKGKEIMYCWNSYEKY,0
HOST35,PATH15,CPEDYCQACHAPWNASQVLTMNNKHDPLAIWKKVKLLQRVSVKRDRMVSLNKCCCLWKHCHLHMTDKESHCQCLYVDAVDGQFQEQVFHIPASCSYITQGPCPCWHVVFKCTQNAAQSNNASNKVKEVDTQHEDLKFIVMPPVDPDWTHTKTAGWFVYVSQFRGAKAVKIERGVRYCVMTRMWRP,KRHHFMYDQRAVIIPGGGMGPNFYNQGPWCGHIYNNQ,0
HOST36,PATH16,QLTRRDYNSMPPQAWVCMCDGLLHWICLYSAPCEYIVNLRYNTGRWPKHLQFACWCYHECGGWSICCGFQAWGSPLPNNTPYAVGAHMQNARVFWYGAYWCNARKRRNKGMMWWYHPCCPMAQMAKMGKQWVPRDECFYLIFYGYRLNIVRIIWDVCVHWKWQNREDAGLNIFPVDCDVSSNKKAAASRFSVPAMCMAFPVQEYHPSWLWFLLSAFTPMQSLFYVFREFAYTCFKMFTTMMHIISTNQEKKTMNRENEQQCCTDKAWWTFNVLDLIHSCGNMRSPLAQ,SCWIPLTFKTQDKEAEHNYTGKFVDKSCVCGMGVDLYNWMHNLAGAANQFDKFDEFG,0
HOST37,PATH17,TNCQYKGDKMPMGPSRSHTFHVKMIYINRPHTRAEMFIEFNQAWPRRSWIDQFADAVQTQECIMDCESSYSIEHKPTGCSDQLHALLNYCGYLCKQEPATGHDDWQYVTVCLMAEWGRCMFILTEHNKRE,GETEENMNAGWQVAYEFHSYKDVGCGQVFWAYWKEVDQWRIFVPDANSCDMAFRAPDYGNAEPCRQYGPWTIRHPSSNRMGDITFPNWWKGKEFARRQA,1
HOST38,PATH18,ILHAAQWQQWYVAKIGMGSEETCKKVDAYHWNAFTTDIEKQRDEPNYKTNENEWFTKNPHMWCREAFAKWCTDFMEFFDQLDCWGKPGMAVPNTEHHSYTWDVSFACCNICQWNDENGVWMIPVKEPRAA,IALSEWHQPMETHSKSAVGNCHMEMQCMYADPAENC,1
HOST39,PATH19,CADFMCGDCKEGKNVSGQLAMEGRHDDAGPMNKCNYTKCIPHLFKCWMVNFILSQGYFRMEMLKHSTGVHSCDQQNIHIVHGDDRPVELNCIVDWQERYKADLGYTPW,NEETAKGYLVGLSTRVGIACVCRWVEKVLRHNTIERESNCTRRQMHFGKYPRLVNDYHEMQFYDVHVMNQHYVYQPRMNVD,1
HOST0,PATH20,MHNNIYAALVKTVIIEPVASTHCSYGMQICVLYECGMYTKIEYDQYGGSHTKTNTHVLGQHHRFMVQCKLNNCIDPKIIAKSSQNDDCRNELIPCYGFAMDIVQREGVEPQNMYNAEHRIRTESWNASMNCVMVMWYMGPHMFALHQATM,PFGDPTDICIWLLSDAENWMMGNSKGFGSILYGMGIKMIWCQTVHQSPPASNHIYVAVHINIVYKLYYNCEICFVDANQVLHHHCYFQLLAMERCWRREYGLFSPETWLRHGNEAKIYGDEGKTWVAVKGWYWIILPWMKVICDTRKLCAKFRNYHWNTFKAIWHLQTSKPNAN,0
HOST1,PATH21,ACFCFKLHFAQYEDGYELFHPGRDGHFSGDNRQWWECNTNIHQPHMVLCHHCMGFMQYMVVPGHMFVDSVRTEHTRTYLSTSGEQGQDGIMGIECRGDWFEGNSRRQWKRVICDYFQHCVCIRWYAIDKWHAGWVNENPFHCKIGIHNIMVQDYDQSCHGHQFFSCRLCTTIDVINYSLPHYAHVWGIPYCTWIYYKVQNNRWMWQDNARLEQIGWMIVGFQSELKHKWFRINNLHGVCSCECWSHNWTTIGYGDMPAPWAGTCVDVWI,YPDTMYCPHIMATEPCKYNPVFVHNFIVSIGCAYRRLTADTAGISECVSAEIEMDPCGWALCPRVADVWYHGGIHNDHVVYKMMVCANMDQYPWLPDMETLGTNCFVSETDSEMKQAL,0
HOST2,PATH22,IWDVADSQRQQHEVIKVEYRCFSMGEHFAQWYGMMFCGMKMMTKMTDNAEWYHKEMKFYNMCQACPGKQLHPRKLCRTTPNMNSVRANMAMGDIIPCQEAFWPWAYMKTMRWAWMMFNCRVWPIAGCAIMQCNRGIVWTLMQTAWDNLPETNNGHIYNDWNVVSPLHEVENKKMTNNKTHVYMFGQNVCQSASAVDLIRTWLRGWFFIRARTFNKFLHCCILRQISKPLNL,KDIRPIRPRWTTCHLYPPSNPHHPIKMCCVMQRWCYE,0
HOST3,PATH23,SHPRLWHPQLYRRMDGYRRIGSMKRLAQLLIEMFTGNCYYDSQYSMIPDAPWNYMISATRPCNKMRMADQRDDSIVTESMDMAFKFEQHIMYGRFRAQMRTDTNRLEVMRKWQYQEANCEMWWNHNWKELNPDGHACYLMGHCFLGISGIRFWEGSSFVHFAH,QTPCDNMSMDHCVDPKSTVDWYMHVWMSGQDFDWAMHYIIFFQTVTAHFIWWYAAFFIVQRQSPIKELYDTSTFPEKPGVYFKQGRSIMTWMNICHEGYHVPMEYQLVCQKHIRGQKNDHDCSYYFMEFKY,1
HOST4,PATH24,TRHSYSKEMFGMHWWWMYAHGLCDCMGTGCFRMLSEDTRDMRMGSRYVAKPDMTLVNPCPQKCDWENEEQKAGGWVKQYSRRPMNMILRHMHNERPNNAIALMPDKDPMMHHQRQWVMLLLIGGTGAACAMFDVKPYCFRHPACGYQLTFPKKTECVRSPIKFMSLGWFRKRTWGDRVCSFARTCSCWDHSIRAPRGHIRTQCS,EVRLQKFNKTQMGVEFHRLQLPIFDDYETAYSWWTDHFDAHMYPAFYRYRGVQSGD,0
HOST5,PATH25,GSRLHWYIFNEDLVFNHPQMLIVVTACLYWYGAPVVKYFPTWNEWNCSQKMNNLQFAFGCEFKPHVSVPSVMMSGVYGCVPTSKKEYVQQESREVYGHWPIKNGIWWVGECSQTTRVYIKYSYIEWMQHAAMARFTQNYWIDARRWTGDQMYMFMLATRFNFLGPQKNEQPDAPDWVAHSILWCQKIRDCWHREHELEFMFMFSIKNCEWFMHYREQEVHMQRPIRAYTDYGGS,YWIECGTDNRWMDIRHCFHNSPMCLLTHQHDWECNIWHGYSRNKHYHKPEFKKQWQWFEYPCCNVHKLAFWWKHSNFTCLHKLLMKIASMHYYWYLSNDNRMRALFMGNYLRRKSVMDWQDDA,0
HOST6,PATH26,QEWTSQMHIGTGDAIAALRSPGYGNSVHTKIHIWECDHFYISEIYGFVKSHTEITVWIVSIVFKETAKHIYAHAKPIPKRLEHTQFSAYKIIVCTVCSIVAYMNSIMNYIIAQSAGCGCFCTGE,YSTGPINSYRMWIAFRGNMKYCCFSTDKYYAKMCRRSGIHDLLPWMLGWP,0
HOST7,PATH27,VAGWHDPRLNVKSVHGMEHKRSFHQYDGTEECSSTKSSFNVEQKRWQREDQHSALHSMGTKWCEGYDMTSKHFKSMWFQHQSGKGDDQPALGELTFIWVKEPGFWSNFITSWIQETPWINMILGARCPTGRDMGSNHQCWKQFAKIWDYTHAARKVGMVISYESEQLRWEP,PWYAPCTALQCFPYRLWLKKDQNKTTRQNGESVWHEPPVHGIQYKQFDICNTCEYMLPDNKYVFYIVLQINRVVYVRPRCPIRCNGECCERFVF,1
HOST8,PATH28,MRAAMGEKVGTDIRKCSNWSDMHRNPPKDNAKLVAGFEIRHDLFMSNCTPYYVTSFSFFQEQRGHNAVMNCGRRLYFKTRKAIAPVTRNPVCMNDNILGEWMWWMKGMGTGVIRWVWKKPPGWIKNWEETVKCPYDNMQQVQQCMTYIFWLLTEPSLPGTTSCNWYFQIFKFKMYFGMQDTQKRSHVFKWFKASKGSADNSKMNDRCWQHGLTEEYAFFKRRWWYCCFDHAAICHRCYCRPSRIDTSINYLLKREFMLQC,SWNAKTKEIDWSYEEQWGAMSFHLSPKVGQHSSMVWKYMRDVVGSNERLMASIIGDSCFTYTKWEHMGGIHQHEVTHYSNVEDEYSIPLSPIDQTRIYVMKYAQDVWPTTFMSWIWLWIMHGVTWSCEFQSWMTKHQYAQKKIRWHTWPSSSKNLLHVFAEEGSYPLWTIKALHMDWWRAVMIYKGYQDAEAFN,1
HOST9,PATH29,WDCLIWWACPHPDLYPSPTGLILFETQVQWQKVNTDTFEKRINCPICPAHAYDGLFFAPSLNKTSGRFKSDFWTITCGRLRYQDCWQAQYVYTNKIWEHQHRPDWLIAYYYPHLVHWNIHFWFAFWRENGYDFAFSAVCHMWFHYWILMWKLDEYVKDFVAPRIVFEKLRVRVLLKRGWPVTYKKLQRTSCWFNEWGPEYMYVGVEFAYTSLGITTPHLVEATRIHMMTLC,GEWVWELHCFPQLEIVANISKVFPVWPIGFGHHTIADFQPCWEGVMVNISH,0
HOST10,PATH30,LKYVTKIHQVKVCTWTIWYWYVSSGLWLINAASNPSVEDRNKQEQSGVVYKLRVQDLHGFIWKQSAMQHCWLREVMHTTSFMV,GTVDSHCGYGDKMLDAAFGCALESTHSYFSIHYAWILNDIENDLRWWVPHFGAWDYCTYQLFHPRPWQFSFTADFMMRGHNFFFKWWNMMPAANDVAFLNANPHRHKNNEEKELASGILFATTVPDHEEEN,1
HOST11,PATH31,LMNKSHHQGYIPQFEWKEHATGDGAHKNKEEPKETGIRPRRGNSTHSGLWRFEPAGRIRVDQQVIAYGLPRSNTGRIVGIIRADHSWTPCQDSIPRDVQHVVWMTTCTLLKQKQTEDKYYAEMFTMYDDKFTEDKVDHTGCINDEFYCVTCWKYDYIPVDDQLMMSLFPNRMPASTGRTWHSDEKVCWIGWLAWQELGFHSKQFL,TLRIILYTRSLYMPMDFCGCKHVMAKSHYWKRDRVGRGDIFQFDMAEYPLVCSYKTVWMEWAQCELLDHYLTLEEYKGVERGFMDEKAFQWMWHIAVLYSSGDNMMKQDSLR,0
HOST12,PATH32,MVMGRIERETGEVMGEQRPYFYSYNVMYAHFRWGTNRDVSQFNVAKAVKPFHIHYQFLSKVMLNFCDCLTAAVVETAEIADWTAKWFSSARQIDAFPTASMDEFQQGTKNQYNHASMFPNFAARTPHHGHIHWNKERYDVFMNPHPWQLRMEARGKDMNEGIKRWWGLGFKWDFLKYMQCWYYSCQTCVGNHRFTYFRWMIDLDWTFPISLSVQHFLDQNTPHSTDSYPLPNSTYQYYAYQELY,WCWAACLWFACMWNMHYKWVRQPFSKKQGYCTSPFCQWYVSFYKFFHSPAGGLIEAYKYT,0
HOST13,PATH33,RMVTFNHLWSGIITCNYCHFAYGIAMYERLCWFDWMSFDYNFIINMIYDSTWFGPPQFVTDQINITMRFTEWVACLFYMIMRLNKAYALKQWNEHNQEMGMDGLSSICNMVWPSYQCFMWREFLFRWNYVNQCDIGGCMIFSRNSQNDFDPRAVLCLKCYVRGVEVMDIKSARKMVVKFRYEVVCYWGEMTAISSDRDLVACKSIWVLCVFCWCAMVYSNMAIWK,PRVLSNTGYACRLVQKRDWQHQGFGNIGIHVSMIVWYMMVPDSRHGEEMSKIIYDACYCIMCFWYQPAMIQPAWVHDKAAGWGEIQRPQATKLHKKNMYHNHCCQFMPFGFPRRCGTQRETCQRMQVCKLTKIGFSCARPCKVWSQIIADCTANICMTCMRISPMMQQYYIWSAEERD,1
HOST14,PATH34,SNFMWSYFLNILVNRVHHSYVKTQENVWADTATSFNGSLNQYDIERCHGRIPRHNARPKRFEATYWCLVLMEPWGSCKVMALQCKWQYHDETHKMNFA,FTRTDGRFPDGLSMWDNRRPTTEHRSYMPARTTLDATSRGVVTNDGLYEVHYWTLDNYWASDAMDCKVCWQEWKFQVVPLFNKYWASL,1
HOST15,PATH35,IDKLCERLLMAGVDGYGGHEATIHHSQTRCASFQKWYSRGDSSYVDRPDSWNMRCHMYDPFCLNNPHMADWFRKRFKFAGPRSLHLLFHKCLAVVLQKRDQHQLPRYQENDWTDANYPVRYDFQCCWENSIIW,MLFGGNDSDVRAVMVLIRDIFCVCIPNLLLPQGLNDCHTMTDMALAEMHKFNRGRGFDKADYVMDFGCMFWDQSMHYEFTCFMWEVISNGFYQRHGKNLAKSGDLLEYSHLNTDQTYAIDEQSVHIARWQHGYRRGLEEENTVEMKCLTEWCCVAVQKQLKINIKMRHLAQCEYPIYNETGLWYCAVDKYED,0
HOST16,PATH36,HWLVCQNIWTCMKPELVWFGKCHYECKAFRLNAFKDAERVFCQFAPRSWEDHLQMGYLIKVVNCVDQVQHVIRPQKFNMTTFMMSFYQSTVDGEWGCMPWHYIIEQANEVMQWNHRCLSIMGCMFRVVRKDKSFLNISTIVWKGMEIGYFTTGGWYVEPYYAFWHKKATAAMWEQMMTCGFAQYFIQVMLEEKGRTCDGMDCRHLETGNLMQKSIHVKVNCAEYAQDDFY,NTILNFRWVWSKERNTHKELNAHKLSAMNASSGDCTKRRWETHVWWRLYRWNITTMYKSDKHKSNAHMEMSKLCHTYEALWWITLDAHKNLNPICAEFGWFRPNVTHACLWCGNGTTTRWKYKPAHFVSPPLFFRLFFAIQIGVNWSIG,1
HOST17,PATH37,IMLLQTDVLFLARHEARHTACKSFHQHDTQDIGHNKFETQYTMWCLQGQWRKPNPYGTRHQTWWMYNQSIDNMRIVELRWHFYGNDKYMNMAQWAGAVVPYCEARDPLQQVLLIVTDNHDWRIPDSLCCATGVIMMARHNDRVGVFQHNVVDTYITPGMAVQEIIAEVDPAFYNMQDCFPWCVDQSCKRNLQAKWSMNENNWLWMVSQIYYWIV,RLYILHQKKVVTLYHSLCWMSQIMPMGSDQEEKPDQWETKRQLHIGACKYPQEGPEILVAWELEAWDYTHCVTYFNWRWQFYMPDARCPHSDAHYIYNNDLRQESDNCPVVVFPDCCYIYCYGCAPPFPQDDEAWHNYQVLKENYDYLRATVRHHARCGHWNVTKLHLVYCMFII,0
HOST18,PATH38,IHLPCDINHCRWYSYHWNREYYLVVFALAIRKLHPPGWLPWACESFDHFLDWMRAVYVWYAFDKNIMFNIVRQVLETYETKGHKPSVEDQNVPSDFLDHATYQTCWVCVLMIWLYTHFTRVNYSNHQEMVENSDFGQVSFDFTNHWSKPRDVPQPKKLN,TNRPMNNPWHVLIAWPQTSHQFPEMKGKGVCIIHWFMVKFGQEAHSRALHQAEWATWGRPCIPVPFRDQVEAQGTMRTMAVPLGKEDIFENNYMLHERWCYNVRGININHYYATKQKSINRAAHNHFQCCHMITIWYCKTCPYVLWQPVNLCQAWWNLIPLICQYHDHQHVSHLQRWDPPIECTMACCEEM,1
HOST19,PATH39,GGCYFIWVGFIGCYVDDLSNVIAADTYLSHFTFDVTFLWLEVQWVYCTCPMNGCIMVTYHSETWCGSCVPCAKSFTYLEADWASATTDMTTWACTRCRYNWVNWNVRHNNILSEYFSKWICGHEGIGFMFGPFWMANHKNKHTPKKDHLPSKFWCCYLILSNSCKMANMTEHFPDMVSYTNI,IKCSIVERKFQFLLHPMQQELAHILNFDYIWLRERPPPGCFINPADFPHECNVREHCVTWYLDQDSDHKNADYFMNIGGFHWSRQIYWWGMQA,1
HOST20,PATH40,LCRGGVMSRPDAFFKFKIVESDIIPNEDDALMLFPHYIISHNIRHEQHEKIIKHTKAYDYGIMKFKQVTYMKFMWGPVFRYECQKGGSN,PNDFAWYWDERAAIRIWCTFELLSRHYHYRELHWGHRRHSNEGRCVYFGYVKAGGVMRDAGENGCIIKTFKQTKHFSTDIGAIKVLIIHAFDVGAAY,1
HOST21,PATH41,ANEAYASTNFVGWTDAGCMWSTNEVRQYAMRLMNDMDLMAMCPVCGPDQIPFINFFGRIDPQFWLGSCQILSEKIEEVMKQAEHQLWFFADRTVYYQVLHMTQSCNPDYCCPKEDEYPIANWGLEFWKNTVPSPWDTNFWHIRPIEWTDKRRC,AGLIRRDNPIELDANQTDEAQAPKDMEGHMFVTLAPFFYGDKMTKHFGHFHQRSCVKDHIACCWLMPCVHYVAIGGDQCNITGTVL,1
HOST22,PATH42,YNMCFICKSMIEMHCSLYCINLGTIAMDVLMWLYEAPLAMQTWLLCMYALECTLYPYTMDGSQNLLDCEKQGYQNLTFWYKWWINLIPQTCSAVLGYVHLDSILYTYDWSWTWCYCGHTRRKDLPCSVWTMSQPTIDQEVWHAWAKALLLIRFTEGWFCWMRGFHYKIFHTDMGFIDFGTTL,AFIYCWDHWLREVHIVHLSKMMIKLRFFFVMGAYRKSTTRHHYPNDMKRCLEMYCDWVSDNVWRIWVMMRFTRTQQEANSHNLLCVNHAFLGEYWH,1
HOST23,PATH43,LEMYSDGFQIQIHFKPIWQHKVTMIWEGMPMDYMGFDINRCHQKVSGIDGGTNFVDDWHNNHATEKMMLRAYHRVKVSTHKCNMKCTMMYDFQKNWNVGVNLNNVALQQSMVPKCMRGAARYA,GYFEYSTKVEWHSWKHVTEYGTRFRQWCMAAKDINLIERVKLTLNVEMDNTYGTQVYFWYADFEIHRVEYTRVRLFISINHLVRKRFDLWETKYATKKDFLHILMHNGAWRMHCAHIFFCGWMSVSRCNQYDSMAGESNTSVHIWACIREQ,0
HOST24,PATH44,GGVDLGHFLHCLHWNYTSNNKPPDLTRNWVCLGKYHLLDNDHEKVDMTIVVCGMRSLQWWFECFCIFHWFYLLIVHHYFENPRNAMLWAMFRLWSFTMYGAPDV,MFLYTCQLFWKMYFNCPKCLDEHFCNRSGWDHWDNKDMHFICEPNHRRHWPQLSCCWAEDNDQENSQRVSPT,0
HOST25,PATH45,SRMPWDDWDDMGYNCNRDSCCPCKPIPQDMGQLGQEGCTWVGWDGKCESRFWEMYDPPFVIPWDDEYQMKKTDHIVTEMLTTAMAKAHPSYTDMFYKQSHKVRYTVEVTECLARNSKEYQQDWAMPQIKKFVMAFEYQWEDWLMMDKAMDWNFLHTVYD,RASTHMSSVAKFLFWPYNDMNTHWCDLRAFSHEAFYAGRQIFYLFHCQVIAETQWLACQIPYMISSVDYCQENRDLVWLFADAHCKMFDSAVFDHSVDQYSVDHMFFFCIMKAIWIEGNTRPWQFEWASEAFWLCPLKTEDYTSIHFCCTVRHSNRSD,1
HOST26,PATH46,ESEALYLYCRCDQKTTGPTPAVQVLGMIMQWGNTYNGSVAVRKGFLIGFFPMYFWPDHPSDWHHGPIKQTIRAGTISDTLGCSRHSSCVAHHESRPRAGHIGYQRFHTQSWGRSTRPWVACQPQA,TTEQMDHNYYGDTCNKFDRLYYLVNDGTTPAMNSACQKIRTKLYCGYFTTRVHIWPGVVFYPANVIQWHMLNNVHLRQWVFACRAQTCIPSWVYALELLWTWMRRQTEWMEKPIFSVEYEWDMRGCDLPPMAHEHAHPSKSCFLGDLDTTTMWLVQKVP,1
HOST27,PATH47,GDRSVLWDAYEMPEYACTKPQDAMPVKMKVVVETCKITGAPMAKPIFMKPFCVMFPLGQWECSWLCMCGSGTHNQASWLEFVLWDIIIMWGSETASPICAVVDLTRKVVQDQLGKVNPSKINDTYEQRQDPLSPILWMWRGNMCFILAHKVMSDGMTLPRYLPWFYMQPVLPSYHLHVARAYTWIMDFCDFDISKNQPDDHNGRAFLCKITKPVFGSQGCRTLFSWLNTNRSTAKSQGLHSPCKICHKWYYDPAGYLYIPCQWRYDNWLNIHNCYRWCGYLYKFDLSGTRNVAGFVVHMN,LLRLYLAGTIGLCINRDTYYWMHHIWEMLPMMLPQTEILKGWNGLTDCRRCNWDELWCTKRYMMDRRWSPYGHVHFNRSVRWNQLEHWPSVPPGDKEVGTMLKATKEIPWEEEKRCVDNPIDYPWKSQPSET,0
HOST28,PATH48,TTHMHWFKWYEPNPQEANFLTINECILFWLLPSTVGDDKYWEMGQMEQVHMRNQYRIGFTGRQLIRDMMAISCTHETYYLNWDKMKRNQETWEYMFFNKAHSDTAGQSPTYNKEHWWIPANHKSPAAWHSIMKHRLYCRNTSFNYNTHMNEQFKWNPMQDQIKPIKWMMNVKHTLCTVCTNCVKSNDQIAYVIG,RDTMKWFSKQHKYTDNFDLKKQNHGYPGVVTTCDQFAAYSHVGTQCPAQGQMQYERCAENPLPVRMCLQMMYSKPRRGMMHRRYNPWQDWQTIHDYWHTYIHNKPTWWFFDSAWTNTKMAVHMWHFKNWCSHGMVDDHWLPVFAS,1
HOST29,PATH49,GTKGSVLMYRKDPLILAMVHYNAVFWLARDEENSYIGDKCHKRMFGCEYPAPNEDKWLINRGARLVLTLSSPMKIYCFQRRFDENLFMENVVLCNWLKSHYNNMIACPIISCHKLRSFECMPMYGPSWLHRSAPIEG,RPHLQQMFTGTHRAAKYMNMFDWLHWWLLCHWDELNNDVNDWESINGWMVAHFRFHHAGCDNTAVMTSEWLKAAAEFQDRFGNMNHGLPYNRIYNHYGFWGKHFLIYACTFKEQFDVEALSCQYDNYPIHASETHPPKRCIDNHFWARGNAQVRLAAQLAHATDEIIMEKGKVKYQLGCQLNETEWRMMMVDGEQH,1
HOST30,PATH50,IIANDMPPVVRHYVSLYNSFPAQLQLSESQKTLNCTTPLACACNIAAHQTGSEHCVIWSFTWLQERREGPLFMQDHLFFSDYKVGCLRMKEVPWELCVYMCEQYFGRVPKFDREWERPRGWSTMTDSPKGSPPKTQYHWYITAMEFDREGFPRQHYRSCWCGDRMMRIPQGTSIRHEKGISKQVPKRCPEVRKAPSVFPMFKAYDNTRRSFKIKPRSVSPFFFLLASTPYIITAKEALFAPCVDKRTHGCLNDM,VHHDFFNYAVCRFNLMSSDWCNCVTAQWVVHYDTANNCFFTWMGMLCHLWLVCQHSYRPKNSTSEAECVFKGVNWKESQMKNNTNGCDCYPKYMHAKQLIGYMADHTVCATIRSEGDLVAAQTMCSCMTE,0
HOST31,PATH51,DIIHLACAKTQPFPTMGVWTAEQLSGLNCYIFTYETKKVKPFHRITLRNHWFPNYHYMNYYGLHFKDDHDSNRGAYENVVLTPWFWFDTVMGADRMVDKPNNDHEHCKFPDVKIKPPTHGLMFNQACQIYSVTQVHKEVVCCYNCMMDEYAERSWCTWPGVACTYVDGARFQDDYCHGQWRPQPGTEVWWTNHAITMQELIIYSGAQ,CITMRAAKHMYSLERDYYYAHLCWAYMKYQFLDISAVACRLTEMAAHRQYTMAFNAESCGEYQAVTCVHYLPYEGMWFKWYTNWLVSCITEGNLPGERVERRKLWKEMYDGCLGLDCAWVYKSRMNSNKFFVIGTQIFMQIPKLPANFSYYMWEEPCQIWMKY,1
HOST32,PATH52,EGKEAQYHHEHLPQVWPHWELCYNDDMWWHFLREKYMRWEYMLNMFMWKEDWLGTHLHHSDCFGPACQCMHWSGVFNNFTYKRYKKQKVYDVWKYECIEWFYVSFDSKIMTSKKCTYRHEYEWYENWGCYRFNNHPILGVMRHHATYIVNRQVQCMLPKGSETDHMLVVDDLKFEHSQCNNKEQVGEQMWCNQSTNEPWSSEKYAPIYA,RCNRQHSQKGASWSIDRKYTITGQLPEMSVGKRSMLGGYRKLQSAPMGIGMWEWQWAKLEDQFGIWGYQYKRNAEYCC,0
HOST33,PATH53,IEQFLNKHCDMHDTCQDESKTCHVLYYSGWVSHKQFPEVNKSPDSTTNYTGPFVVTLASWHNLERMPMYKFVVGVTLIQVYKQFWNPMKMHFRSACQANTVMAMQFNTNLCDHVLLDECQLCRYHAWNSVVQMTDENAQAKASFCCISHSTYIMWCANKVDKMRMTVSNHMVCYEYTGKVKSIPKPPMMQHFVEYRVCIQDYLTPNIVKCMGRGREKM,PKGDPHTLTVEVENGTSYQHKMDPTNKEEWIRVDVHMWFSYKKQWFYIFQCEPCFKARVGFACTKREPIKWMCSLENTCEHHWANNEKWWQFWNADHYLIPWRPPLSNRVHAEIGATYESGAISTDAEDRQMIDIMMSRWIWLEQCQRLCPQLSKNAWHQRDINQVKCKGVRPAWHWHYFLCNPKFTIKFYNPK,0
HOST34,PATH54,ASGIQMGWLKEGQTVAKAALRLAMEHMGLSCYPDHLFQSLSRDPDGKCGNTMEGHMKEQTQLQEETVTIHKVARGRSHEVQNNRIPAA,WVDPCFENFQECEGMRDRTCMAQFYSLNTKFYMGNYPEGEFFYIMMIECTSYNVAEDQLPNLMALPAVARMGEMCCLGHEPGGEYVCDEQSGIDPRAR,0
HOST35,PATH55,YQGEQRWGSVQKMRQAYTEFQDHDVFVIGWATALVWLGCTYFQIDSTMGGWGYKWDERIDFKPTCMPTMYNYCCFRSDTHIGYNFCAAYLMCVRNFNSQDQPFENPSMQMNENYGMHCVIAGKCWHADSGCLGSQNF,FRDWHAMQAMDIWEEYSAPKPWNSENMVEGGAQRYHEVNMYNWMLAVQGFNWMEFGMGTHYDLN,0
HOST36,PATH56,VTVFISAQIFLKANGYSNAADRVCFEMLKNIPIQGVGMEDSSWLVGDIDYPASDMDPFRIKKMFHEWEFSYNDKPNGGIDEVDQWSMYALYAHREFAVWNIEHCSFFIERHRNQSASHRQKPDMRKSGFYKRVIMTAERKPICAVQSHVMWAQRSTEGVPGAWNEFRWDVCGYFRRSVSGKRLFSTYVVTEMYHGHAFIKNQYFLKLFRLMFVCMCEDLKYGAKLYMCGAVHRYEWMWCKLKNAYGPAFTVQNHHKFHQCWYDLNTLHNVNENDWSSTWMQLKWLLMTVNGLWMT,SFLYWTCARRGMDIEGEDTNRVQDKTSLLHQPQPWAIINLLPEYGDWDMTDDLSPLTLPPPDWLPIMFVVGDLVPLCHQECNGEDAIKDWGMLVVETIMSFLLLPYLDEPHIWPNFACQHSVFVGCKRTHLMAETVMCQPTEQEINVMSCVRKPKQQDHVDDQM,0
HOST37,PATH57,HKDTVIQKDQISPKHVLGREVQNLQWKSAFEAKDMITGICKYFESKPQCNDKCSSSFMAQDLAVLSHMKAAEPGCVNEYHGFFLMSPYDCDFWIAHENKEGSWNGDPIWWTNDWHSLRYSIPPTGWTGEAPNWIGWVQNPTHCHIMMRPYTARSQTCRMTVKVCWCKMQCEWCAEIAEWHWGSWAYATSIGAIIICTWVFEAVQFLYCGLLPKKNLQMILNNLECMQWDIYAVFNKPCISPFPHQYYGIPHDCGNKDPKSAQT,NTQYRQMEKIDFEKKLVLNLAVIKVWPLMLRTPHEQLPIGFKRICWPCMDIDCHYFVDMWQIKCACRRFNKYAVNVWTMIQHVRMVGYMVKRNRKEHKFPPKLEPRIHMREGQDQACN,0
HOST38,PATH58,NWCRLRMQDQTIPVSGKATSGGGCPWLYTPMHAVAYQPVEQQHINDSTMHQSWMMNKNRQEYNRGWDKHIKLIFVKKLSGKCVYTWCYHLKAEWESWVANLSIMLGGISLWLGQQEDIYECLMMLSSWPKYIDCWDIFARPSIKNPEAFTSMNNELHNVHMENLSCCRPEGFITFYPFSAVQCCGVQNAGFILHRAPHFLYCVGAKGLYEFIVKMYFPLAGLSGQMRRQFQWDEPMGFRACNEIACK,RYHQYHVYWCIRSDMRNEVLLHNYENACDG,0
HOST39,PATH59,WQKHTPRTMIPWWNMCMHWKMENSEYHQDGEIIENRFMNKNSIDREFIIHVGRVAPGDGTTSLWAAQSCWYKFKQFSPMHSQMNVFQTMMFQTNFPHIWLCTYGQNSPKADFIGAAYPINREATYSLESPSNIKHFDKSAICDDCGDQQNPYKPAMQVNVVQWLLPCDYITHKCDHKYNTSSEIAKYQY,MDYGARGFGWYQLIKSHENFYSKHYPPCMECLVMFFPSDCIYQRWAASHDSENMRYHQVDAETKFSIQPPTYCGPCMWNTWYHQHCGWFANKVIFLACQVHVQGHSANWCMGYHAKMPLIYLGSWEGCDMKYCGGWDSMPVNYHMMPRSWMGEFQEWWTQDST,0
HOST0,PATH0,QTCTMGPWHGWGGDLHPCWHDEMMAQCARNPNVNFMLEDTIPKRDECMPRAHSFEKQLTLVDCWFSRKISECGFRQTDMFNAWFHQCVYRPRRQIIGQVSLSCGGPRIVHETCWMRASDTRMLGDKTQFI,ILTNLSSQNVMSSNYVITMAWETWYGQTLWPIAFNQVFYKITGHIWTPRYTVCWVDYKQSNLPACQAQMVYTIDALPVHVHWNRPPEKGLRNGLVNTQFYSTMWDNCWWMRWYRPITLNHWSLQWMNKRDHYVNYFMDFAFQ,0
HOST1,PATH1,ARCGYKLHLYKLDWIGFPVGAPPKFLGGYMRWLFWINPLYWFGWSDCCQKRFSWAWSKCPRYFDRVHVTPLPDFMMPGQLCHWNNIATNAFYQLEFHKNINFLMSFEMLPYNGMEFTQWSAFCPQQPEHMWPSHNSLGDRLDEAAWDCPSRFNCLQSESTLCIPRPMDKRYRFKALFKYKYLMRKLQCDRLCFTCTAFKWFNIDVQDTTWAWGMYYMLVARAFAWRILILLNTDIDVAKVEYRQPYMFNEGLVCFPMMEEIVMFG,YVMFPKLIIRIIWFIDNRMKENAITRWRQSVYPQIETMKTPGQFEAQFTRTMALWCETWAVIQANTGHCRLCPSQCYNEPWQEFQGCIQLKL,0
HOST2,PATH2,GEWYDEMCVSGNPQNSTNTYNVWTAPMPTVWYFWDTRPDTFCGWHKYCYVWWSRLQKCPCSVQKCGRYSSQAGKCDRHWRIPFPQDSEFFCSEVMEIWRSCRYQNHQCDWHSAYDSIEKFLQPRAWERWHGFENYVNHTPHVWKFGCMQAMYMHNYFSLNNNCCHAAPHDSKRKQMWAVMHFFSTWGEESVFSYPKGTGFTMQPAWKMEPHTARHLIPARYPKVYTICSDADLMTMPQNFFECCQQITGDVLQGKALQ,KCQLEMCSMEAVQLFYKPACCQFLGPAWNQTMLLYPKPEVIMHCKISCSAEPMKYTVEHFVWSGYKKFVNRCYNNYSCCPVYAFKKSWSAKPKWCLDGGMLHITVRTCCYRQISATYCQMCYNLATRFQLYQMMIVAKCYKHDKAMQDIKFGEAMMWEHIPPEPMENY,0
HOST3,PATH3,YHMCSMIANRLACKFGGMRPGHCFNYRNYNLWLQHCIPEGIPPFLYFHKPKFATSGMHCQHNPWFAEFASTRAWGVKILMRLRCWMPKEYYAERKLFTNPEARLNCNLFQWYCMDDHGGWPFMNCITVARWLQSRVWTRVNIIICSDAC,AARAFGPIRRDIRADINQPRLESFESCILRDNINMNFRYDMKKNLNHLKL,1
HOST4,PATH4,EDIFVRQYAKMAKLFHLGFQDACRTFDPGSDMLNLDKDIDCLMFFECDAMPHNEYGGPITYADAAAYKDRKKAIALYSWEDWKYWIEDITDVAYCGMKNDLLTCMIWAWSSWWCSKSFIAPWMWQMRMMDKCQQRVIQCDWHAHFILCFNNWVFGKPEEIAPNCMKCIHICKPLKFGKIEVGGYKHGMLPAFSHTYITAYVRYPPNFMSAWGKKLKVQMNQNGCKHRVAKFYYRSFNFVYYMETLMSDFHSWEKGEMLHCHFMEATHKDMASMMLFA,QRWQEGNKHSSADGHKTLVPYQSERLMVMMGAWLASVWVYECPLTGSYIFFFNCCKHDRTTTTWYNRPYAHAYWHQDKSMSHRMDHRSPHQKMKMFNLEQESWNLHFKYSGPMGTLNFYDEIRSFWSRWVTHCECHEYQCWCVNFHKDVFQFTEYVDEVHTGGDGVLSDDFWGCLKVKRPWDAFC,0
HOST5,PATH5,SDFMFNKPPKYCMIIQEVMFVPINMFKAAYKAQDSWNNWFYFHQYMQTYFELEEKMSGAHPVIYLNWPEGYYHRHKTEDCWDKMVATTDCVRISMQDQMPLQLVSGACLRSKPFQWLWSQPFSKLHIVEEDMYTAYQMGDIRCWDTMMEREPYAMKLQWIGLDLEEMSSNDNSGCAQGDAKAMCMEQGFYPFASVMWIKFSIGAGIAMYWPWTALQTDQEEWPSHNCHDSMDMV,VPCGGKRGKWAYLLTMEVNLFSYYGQMGNLTQNTAFQRKRLYIWCGVNYPTWPVIDMHTKCWHEVVKYEPWQKCTDTQDACAQDSDDIKYKRVRAIYRAGPNMKAIVQCKLQHLPQISPRLGQTRQDSGPFKWKRFDIAVAVPEHWSLFQWRCQMHVKDGNSYKMAMHEQK,1
HOST6,PATH6,VEVNWYFAAEYFNQAKYWTDFQVKKTHCRNYSFPEDNGYRWNDACSCNGSAIDQWFTSRQKCKIFSLRWWTNAMESYIITCMTGSHIQFKMGLYYSRMGEFHFWMPSACVPLSANRRCKL,MRLPKIKSEYNMCCHTENRDTSEFVVMFYAGTTSGLACGDQWVFCHEQMDGASWWPFCNHIEFCKTTPIAADMPRKHMCLFFEHVSVVELECRQF,0
HOST7,PATH7,IAGQWNASNKDGDLIVAVQLTVQGMKDYILLRNILGGPTREWSWVHIGYATWIWYCRTNSTYVWADFCPWFWQYEELDQRVSSFPQQIAGTCEPRNPWEIRDDFFGFYQPMAASSHAIAMCDPNEACREMLIEEKIFIRPQMAFTAIWLMMKWKNSWIFRLQISRAW,CCWQYSEFCRCQWIDTMVWYVRVMFGTTHKSEAHRIRYTMCFGTRESRTNKETFAGQAWNPLAAYVGRFAKIQ,1
HOST8,PATH8,SVEQFMGWVTIPHKSAFRMYPICLPERWESKSVAGWIKPQKGMKHIDALDQFMCNMARQAIWGCYDDAHCHWKLESIMCLTWGYLYAKNYSAGAALHTRNDVNFCINLVVMVGMVCVRFRMTVVCPIMSNCGAGIII,WVRGRTVVKSTNMMANYDAVGDASTKAVIDSGLSFHIRINYYIFDDMEYHQVEKELMQKWKGNHKKHEVNNEDYDTTVPCVWHIICYCMNGGTRLWECNNVSKNEAPYTGLRGHSAWQHYMLIVGCGPPAGGNLHLNEICWYPERDWMMEEKACWAIIIEQWKIW,1
HOST9,PATH9,GVGWVAWLMMGAMSIWNHIMIHNTFNWTLGLCPAIGCHPDEVEISSEIMMTDVTQRLRCTSYIDGVKCDQFNPHVCVMMNTMRLNMYYPAKEAANSSYDEQHFPEPLSGTQVRIFFTERWSKNSTMIFIAGRFQISYEDRIIWEQMNCKMIWQPVGVFCNNVWRMKQPCWYWNISVNQAYGEG,MHCPVDEIDHSEPGSIYYINYFGKAFWGHQHLSCPTVYIDQVWQIHHMTHYLPHYEVWHEFLLRDVILQMCGCLHQP,0
HOST10,PATH10,CSSQIKWLGQAACQAYACHEIACWHDTVLILIMWMQADTNDWYTTSWFTLTCIYEMYSDGPYEPHRINSYHLACHYCNYNDHIWGTPHVGMIWKPIKNRALVKMPFRLMLSAARQIHSRHFDMLPRLVVKDLITQLAPIQYNNLQHTVCLEEEYQIPFQIFFSETYKDIMHTITFRWENPTQFYWPFGPTKCYEYQAMWHGGIQKIWGKIWCNPSKGPTDMKQCQTPYGCCKCFATKTHRPYMYMQHYEQPIQEEY,RRYDCLNQDIVFLSDHWISSWYFKMLSWMLCIPLNAIEQRVEFFRENTVFPFNCSACQTKHQERWNIPHVCYCGHG,0
HOST11,PATH11,HSGECSMNTMRQSLITMEVFDKSHLCEFPCWKQTCVEAPVFSAHHVIQMQLLTPSCANQQKVFAYQLNFLSWTYTQSGWKTWQQYHHLVRMVDHQKQKQQMAGRLTMAWLTKSCCRVKNVGRCSAAQPQWVGEEIGWNNTHEMVLYQANKYIIN,QSDKGWEGQKCVNSHMMLIKKGYHHCSPEWCMCSNFNNYWNEHFKKKKWMGPWFNYRCEGYFGRLLIYNN,1
HOST12,PATH12,KCTNRFIWTKRRAAMYQVPSMAMWGAGCQHNLTSCPARMEKVFEYSRMCQSIFLQNISISSFEDEDFCIWECFFQVLQKSFSPPTPPPFTIYCHGEMRLEKCGGKDQYLSSDRPYYQTGG,EWQTDLNNEAKGSLRCLGEPVCKDDWNCLNEGRCYYPSWMCPMDHFVKSYDFHEAYWNPCKRFFHLHMFNVYAMANPDVEHRPPHMEATTGAIMDPEWFFLNQFLKNVVNEEEYKPDGPQKGEFFCAPYHLLCPRYEMNFAWHKQPFRRSWDLLQAIMMFSNYWHQWRCEFWQEIMNARTGKTTEFCVLEW,0
HOST13,PATH13,FMMWFIMDRYGIQPLHNVDSLFKEHCPVVWYTFITFRLDHPNAFWCHNYNVHSPHICVSELENEEKMMGCEMQFELGENQD,EMCQHPNHRFNHLQGAELRTYCFPARPDWENKRIVVLETPKWQPLDGCVESVTAGTGNAMGQVEEDQVSNNRCTQWKEPILGQQSRFQSLWIKVKYINVPRISGKAKLDKLGPCCKVWEPSHFFDKWMIGYKMDTRTTYPYMRCFIIQNLHGWTETVEAHTRRFYYKNAFVFIHHTDALLRLHLTMLTFRHPFIKDTLI,0
HOST14,PATH14,RCSRNINICNYGHHKTTDNANAWLPGTIHWFTMTLLWGIWYKWMQIWTVLRPAVFNPNPTDKIWMCVCIPWVLHTETCYFIMYGYYVQLDGYHVFSFACVDDQWLIKIQQPPHCMCLLAWCFSHKCETAALWSHDDMLNQKQFC,SAGKRERTEIFEQLDYCDFFPIMRWPPAMKDNLTVSLASNRRGKYDYANMMVQACMWTTIPGPYNQYDGLTYGRQPKMCGCEKNQSNQPEKSAHYLPDMDFWWVRDVPESAGGTSNQHHQQKFDCVENMKTIVFHVLIIAYRHYGCATMDREVNSGYCAWRMSIYSHGAFSLQEPDIDSNRMWGSYWMLQDRT,0
HOST15,PATH15,PNECCDIHCMIFSFDMTKMVGFSYLQHRLSCVQWNAGGQPEEQSVKWIQRSLIASARANILLCCAMLIIEMINQYVFLRDDATSRAEIVQGHCHVPGTFGYKSPLLLEKS,AKMTHKMEVVYLMFDGDVPFWIGMMQAHEKALNYVDKAGRAVEKLQTWDRPVWTPGAHKGHAAEEIQVENVDIDGAAQHGCMTREMKWWAQGGVSYCTDVVQIEWGRIYCGNWGHMCKASSWQGGVIKLDLLYNFMFTFQ,1
HOST16,PATH16,NRVVFARIIDMKYIDKTNCYMHRCRPHMREHDWNDLCAKYLFYINEMQEIIRPEQKFVPPTKTYPFVKGTFSFERTMEPVFDCCMHIIKSEIKLLEHEFTTHKMGLCIGLHMMHWNLTMINIKLMQTLRRFTDQRDNCHYCTTYWKMKKSWLKMSMPFKCCWDCWILCIYMPIGVWQLWGAMVSENPCCPEQLWCHWKQQNFGLMLNETINRHSAESKPSNVCNWPAPTWYSSGWKAQDMYPYTRCIP,LLDGAVYNEEPQTELDRSYWNEERMTFQYPISFQGPFGFEQPLYPLKIVPMHVAFYHRWTWSQMVFAVGAHQWQLHVEWLEKYSTW,0
HOST17,PATH17,PYEALTLGMILGNQFQNFMRPHWDWWPPFCFKWRKCNLMRDPVKDTSEIPENTDSDLFQRQVVTCYTPQECYWKDDLNVWPVYIRNTEHKWVHTWCMKWAHAHHCYDDRFMCHFFMQFWFNFEFARNLFERWLGRTIDVWWYYRDWRSFLKKQWSNWFYKGADNPHLSHMRTPVPIYHRNTVAPDKWHQKIATTSIYPMWV,FSFSEGHDGLMDLNPPLVKTPQTREDNWHNLTHKDGICWVRRDKKANYSKKTTSNLEI,0
HOST18,PATH18,IHKVFMAMECNSYMYDVLKQMYVFCNKHICPESYTFDIFTTTKHIRLYGSPSASPFLMDDQCWEKYWFAVMEFLHQEKGQAKNPPKHSKVSSQRPHKWYPWAMQHQTDYEFPTKFDLLYLKPVYVCYNVWWLQQRHILGRCHRA,AETALIWWMYFECIYAPMDEPNNVEITVGTEISGRGVEGELYILTIWQWHTYQFLNSFLEIKFVIRWGYEVKCENDNESKWWQMGFTRNIHFGSVNDAAGNASELWGHQVYPSPWGNIQPGSSYHMNISRVCDQAIQCTEWTCPEPGDKKGWWPTWEAFPLQPRNSIRSGYLTDM,0
HOST19,PATH19,GANATPLPLFSPIRFLAPHWAVQIVDTYCHATVFTWIFPKVDRMFNYTGSFRSERMMPTWNGIGDRCKFFKWMSSVGCPCQMKQWPSQKWRPHIAYYYMDKFKSQQCERWNIDLYFPGMTRHGCYFPVRWFFHVPDLYHEQWELDMHQSPADKNLWHFIIFESPLFQFQTFEPPNIFFASKHWQIWVAPHWLICRHELQAPVDELPYWCIGRFHAHMANYSSNQMNLILPHIGLDWWLSHYIKNMFFQ,QIDYKTISVCRHNAAQHHPDGKRLGVLQRYRHMHDWR,0
HOST20,PATH20,QKQCNVLCQCTAFCWWDTQLLQQINVHTSEDMPHQCFHMEFCSKKVVDRNIHMHPPFINGVTYQPQFIVPPQQMIFEIEGVLGMGSGRINGQWFNFMVELMDIQYEAVVYFCLQQDMMNQLDAFFCSLIKMLRCQNQGLHWWSVNQKMCYTMTTKDN,WFRASGQTFYGRAQIHFFFHKAGTWTNCMMGKQYMDGWGCVQQNLIFMFYHEVVQVKHSKHWCMNMYYMGYNLALLKLVKIIFRLV,0
HOST21,PATH21,AKGSGVHCNLTPKFPKIMIYWYCIYEFYPYKDPRSVQLWIIENNMAIIPKEAPDNAGHLRPKYMKMHMFLMKQREVLLHRIMFSGDANLYNNACPPLIMNWEVYHTCYRTAYMQYRMDGMQCGYHPCRKPFDVGYEYQQMRKQKVTAPTPYRTRDPMYFDCGANGKNGWQTPNTDYNSNGPEGRYYGDLQVWLSNSSYERMLGHDVFNWPWDNNKNMLEHLYFVWIHQWQFMKG,FGNMPIMQKPAGEQVQKCETWHPIVWKRLDAYINNEIDDFNKGSSQGYWQQMGATPTIRCPQHQPLWACAQCKQCEDYWFQIQFTYFQPGGGMDYTNQFARVLQVCPMHAHACKLIPPFLNVPHGKSRACIEGDHTFRSCGLLYHHGVGTNRLLWVWHSMHWPLSCEFIINNRTDSYFFQIYAQEGTILNTCHQSA,0
HOST22,PATH22,IYLWTKTTFWCYKAYEAHERHSHCDMGWDHCNGEDNWCTCCQNVWWLQAINRAWFDMGMYELGSMKAFGRMRHARWGQIACNKNHEVSGIMCRWYYWMVMKYVCAEVALELACWAQQEAWQQRIREWQKFVEWNCP,HQQWLRDWDRDGYAGNFERPFTWYGFDSSKGVGRCVMQSWPVYFGCCSHVHFMCCQRKQEMVPAHTVYWELFCIHNFAHVVMYLGTHRITHAFYWNTNNPCHRSTEVYSYNWPENTNHGHYCVVMETHKL,1
HOST23,PATH23,YDHHFRNDRNHWMGWAHYFWYSRYCMMLCTVSLKPLKCRQTGWGPECEDIDSKDTVSQHACWGPAGCNSCNDSVRFYYKVAWEKFHYICDKLKMVKTDTDLKQHPTTRGIECCEHFPEWIHDTHEKEHLGFKWDLYTQNMTLRKIACGSEHNHGFFLAQYHDYIKAKLCPPLFHDRKTNCHINSAETTERYQKDRRQWPKYMSFNGTILHQIGPTEDMYPPWIIPNP,FHKALVVFPQTVDGANHNCQKKRDEKFRDKHIQRWCWFGFNNHHRACEGHNKARVFLNTSCHMKIFDWWHFDPWVKPTPTNWTCY,0
HOST24,PATH24,PNQTAGTDCCPKSANYRFGMCYLGFLPFFIDKYRAWAMFVMCHIPEMFSHSMMCMPTPFHVDWVCPVNFAIWSCWLMTWTRRLCKRTPLYMFTQASMPGGCFDTDHSFQPKLPPKLKWKNMCN,DHEYSGFANKKMTSKQWHLICLGLSRIPFDA,1
HOST25,PATH25,FDLAWYFSINCSLHQSIPEPMYDMLETMIQDSRYKRNDKVLHQACYYVKATKKTGYNEGKRRFVFDLYGKGHNVRKFSQIHGSNMHVFQVQIYVEMWPIYIQWDDDRKTRIVNTVWNMSGAGDPMDNREP,RETQKWETRIKRGPNYFFDWPMIMNPEMLFTIERQEPSTTLNSYARDLTRTDRSHTVQPFAGHNTADHFEYYGIMHTQSITCESVEQGQIIWNGNLELVEHSEPAPIYHNQWEEYIDLVWEYRIMYIIQAAWKRFRVPDFMIVILCYIKFVKMCRGFKKRHVQPEHQTIMASAVKHGKYRTYK,1
HOST26,PATH26,GHLTEMLRVNVTTEEHWRSGYNAAHLGVLKYLMRDGPPLDEIFNVQMYPRNGVRPTGQMADYTHPIEECLYRIIEVVGYTGTLTMKGAFSKFVKSASNFETCCWPLDQDCNKCMYGRTLGPPCITHWFQVLGECLWYYAITEVKIPFIFVNYIPYGMTGCQYKTIFHQCQNIYLIMPKKDNAIEMEFQLYEVYDLDKVQSYECNICSGATGNNRWKCTKKHCHYPYASTLWFTTKFGYAIVDWIFKKMFHMWPPPIFDPMYQVCCDRLTQFGGKPMNQLVIEQATGKNLGFLIAFCD,QPVPYEKIRGHLWTQCHWAWDLSEEMRVGIRMLRFQAAPNGFETPDGLKTYHILVNLELDKLVSCYRTGCPKMHDWKCTCAKPFFFIPELKANDAHSETTIIKLWREPIPNEFKHQFHCKAPKVDEHTFPQQNDCKYDIHMWQKIEWDQPPHQYNH,0
HOST27,PATH27,GIPERSTRQNYFWWMGFGFVQAKTDRDDMLYPFFGGMDLKYHRAMHCWCATCILVRPKTMWKWLTAQIIAIVCHGHVNAVRCHDAYREKWKRCNYWCEFWETSMQAACIHICFDITEDPDYQVACEHLVESSRTQMHVNECDSYEIKDIHWWEGFRHECIMWRCW,NYDHMMGHSRLIHFKCQMKGEGVHRSKMEYQNGYIDVVHGPAKVYVNSLSAWEETDGPYYNCHQACHCSHWQGISQVRCEEADNEFYDYEPSYWKGISIDQYMIHKTDMSDQSRMYKVEGYYHLYDQIPDGGNTVMCSVFFYTCPVWQQLNYHHQPQRLDY,0
HOST28,PATH28,IIEIFQRQGRHSMGQSEELQTTTFDFMYMDSCWDSAGEKNPQVCCTIHETSTHQMNACNGSWLVCWMFFHLLRADTWHFAAWFYPTNFSLLDEYPAYLIIGYNSLFYPMFACCHKDDGADGVDQGQPICHNNPEDWNDCRYDRCQTAICSLKKQHMQPYTTTYAGTIDYWWFIPAGDLNWCDERSHMVPWACLYRNEWDTAENNHET,LRQPLKFKETVAMPVEEWHAVECKIGQELFFYFALQEQGNPGNCVDFDATASLLRPFTIHDFKNWFLTR,0
HOST29,PATH29,TLMTNCCRVHYRWIYMYPKPFLWSPFMVNFRLTQLWTILFQWSRGCPHDCLLRQNNRARLHYNRYAYSAQAVPCEFQTLAAASCFMDESSEIDRPVRPFWTPACGIWRLQSEPYTMCHFCLIAYAYYSKTGDWALPCLAGHVVYFYWEQKWQTHCHSSYLIV,EHKLQTNPCKYDFTEHWSQYSKHIWTWTPEHQKLGCQFMNFGCWLSKMTFGDNNIRMIVVGMFRWGTPFNSCGCCGKMFIRRIRTDYKPYDNMFVRSNYMSMTFYGHCLYMTHGDKNTRGHPITHHQ,0
HOST30,PATH30,NKMQWFGVLQVSNRSNNQYEMQRSCCIAQNCRHRLLSWNHYLYRDNHTTMGYTAPWWDDGMQPYEFGWGKRAEQARTWGVSIGNPWYFTNAPWRWTEQANARCENGFFTGIYIMSVNFGDFHLMICKGEILPRYTCWDRMEMGKIYANELHTVKEE,HVMSKQLNSCQMACSHKIPDPVLGITLHFEWVSNHEDFNAEHNKHELHACVPIMPEACMSQHEFGCSMYVHFVYDCCMMTLAAQDCMYVEQDMVDVPIMAMYFIQYERTGIQCPHVDWMGCVECQEKCRKSMHAWHIDLHPQPYSQAPLNLQFQSRSPELAW,1
HOST31,PATH31,AELVYCYSLFFRMEGSKGQIQLETIIRQPFNFNEMLWGGDVKLWMIPVYCIEDTVSRPEREAIAPANYELMEPVNHPRYSDDAIMAYAGCHYNSLAPNTYKPPEGLTEQWYKLPRRYWVNWANLYSSTEIASNDWRDLSCHMHQASPTYSEWPFRILRPSPHIRWLYLVYSEPQWEIQMEFQRKIRMEHMITCTDSNIYAKEKRGCEEYYNIWWIQNLAKKYRHRTSLGCRD,MVCYHSMCFFYHVRTFMILQYFRHDDYHTSLGISLYMYICVAYEDNCPMGMAERGCIWVYMYIRGGNWSGDNILLSPMQTDHAEYIFLGLKARHFDHRLNNRTEMHIERENWNFDKSRLVMLSVCQGVCCEWGQLMGTWTRAGDDNPFRYLFNTATSWWEDC,1
HOST32,PATH32,IDAVQQLIAHEQAELWSNRDTKLHCMQCVPEVRPDTPSRDWLKLSLGEFAQNDLRIANGDSRTVHTPQRGGYNNAIDQFPVGRVQHMYHYREVWGTASMMEFLFVMPMNWMYFCPVNMECNYTKRMSESSVARRRGRMFLALNFIGQVFSWISCTKVMSQPPFIDVRQRRQWIGQATVPKKDAKSPGLNMFERQVNRDCFKMEDECGHMMKIEFHKRKIKMRGIQKMQLWRCNIYGFYSMRKNCNEVWAKKDNWKELPYGISLECSRYPQRCTFGGLQYGMCIPMRNT,GRISEEIDANKTGMHADNCHPPDYGQWMITSWMCAVPAWTWGHQAQIEHQEEGPFKATRTLVRKMRIFFCKVKTDYQGKYKIQSRPRECDIWIILDRVWCIESLYNQLHCHRAGRTPMNWNEI,0
HOST33,PATH33,DSAQRDMMENGTLQKMCTLTGTCTHKHPPMTKDKKYDLRNYQWPCSCVFKLAFARVITRWVRPCTVTCYPVWHNYMQKCHPGCEGGCLYHRVHFKSCDRVTPLHVLPNCDIFTPRYVHTVMSSPHGRQLDKGKMEYNLNHVRTKQNTYTDRPADHISRHQDVTCCYEIMLAKSTYYQIQARWDWYCWMCTMGCLWHHILMYHDYAVPLAQWTKMKHDSPANLPTSHVGVEFDNNYWGGTIRHEIKFRKEVFTEYTAFVE,GSQKQQFSGPPGAEWAYPFTAQPQGWQWAFFGHYLANVAPHTSWAPSRNSRPTVNRVLFEEIQTKIRHEPCLPWCSRGLMIIRPQVFEELHMHVTVMHIRDPRTKCENDSNNW,0
HOST34,PATH34,MYTCHQQDHTIPNSTQYGRRYGVCFVWEEMGCGEAYGVIVDWSIAEIKRIQDAEHLMTTRCACAYVPQVNQCTTPNQDIQKECNTEQSADKAEDPPSQHDRLWMFMIWDEMESRFWADDLC,QQNRCNGRGADQQTRQKPEPDYRSRRTNIWRVNVVCEVATVSPILHIRLVSCNNWDTEELLGHTDVVRYDMRPVGGPCSYRWSYFSNMNE,1
HOST35,PATH35,EKQEIHFYVEDETVWIHFPVVWKPWPCCRWDSDWLSSCKSIFVKEAIHFYSLVQKCKYVVDIVCCCCNCNLHQQVTFMKIESYTNIMPYWDAVNTFSVPRWGQVKDETPQKFWKFVKEHVCWCRKLVEYINKWRRVMEHDCETKVNCYSNHASMVGYHEDKPTTRYLNFKEAQASRGQKKIAYSSQLQHNFHSSSCDSYMIWQPNGYKVELFHCIECAEACFAEHLVEHIYYH,CEATQGRTNAEWRLHRKEELTSWQTLTIRIIHIHTEVRSCMPRKWEVHLSYQRRKREGCWLHHMNYEQYFMFHVISGPNMNMWFHCRK,0
HOST36,PATH36,MSHLEMEGMFMGDKPGWSGEYMNPQDPLNCEMARVMWVFCDAMLLYLNRTHKMWSLFEQCCCNRHKVCWWRWYTTPDFIKCDYRNGNVMCSYRFNMAHAIQWYGTKQNIKEFLISRDCPDAQVMPYFNSA,CWRPWNIEDMVSCHFCNPWRMFHDQQWCTPMWAPMAYYEVNNHGMVLMLHTIIINKRMTPDKCTKRMMHCPYDCKARGHIVKRDEEIMHAHNMELKCTTNYVLVEVRWINRALMRQDTTSLDQVSIEPVVVINGSDDHAEINSCDRSPEKYAQKL,0
HOST37,PATH37,GCGGIIQDFKAQWTFFHDHHFITIDNGEFACSAHMSYFMTERQYVRTHTVHQHPTPHPLHLDWQEKPDATSAELCMMAPEFVDFHQIFCCMPEDRDNVIIYEMATQKKVSCPHIMDLCPKYCSFMWGDLWMWCFVILMKPEEVFSLMRRDYDSNTHRHNLFMCFYALYW,KWKHLIVHCCHHAPDQRVNQVFMAAGEVGKWVKDSEGYYNMRGNFDRIEEYVFQGDNMGEYNHWV,0
HOST38,PATH38,HTIDGGDGWPKFAHSHYGHARQEKCNVQEICYWWLCRHSCCFMPYKGSWGEGILWNCPIGAEDCPEGVIVWGYYPKWTLLEHNYCYAWYHVYKNGTMPGIVHRDMAKATGVNNPMRMFMGHFWGRHRVVVHVFLDAKEFCDFQWWVNQAYHPLKAFMNGESIGAWACGCMSGMTRSIQDPHMRATSYSYCHSGIDSPVQINEPWAPAWPGQRAHSAAFKNLKYGKRYHSCLWVLNYGYEHDSDMVEMVYCQHE,CVQNSPGWHFDDHLNNPGYCVSPLEKFMHLPFGVAIPRRMPTTIMEEGHHSHAYSRDAEKTPDNFFLCNAQGQEMSTVFDLYHEEQRGRWHKDSPFFMQAVKGEIPSHKQLMQFDKEEISTENPCHKREPYRRIYMPPCVWHACRSYPWPETPFFDHHIWNTGASYHQFCPWVWDWVGWNHEIVEMRTTV,0
HOST39,PATH39,RDDFECEWQVGYVIVLSWITHRDLVLKGTVYTYWKCYTFAVGAYPMDDIWCTMGFRWFFSTQKKKGPMHWIIECSHQHPDFSLASQEQGRQDLHILRRSLKKSTKFKVIFGDKFSWICRTYWGTKRRIIVMKTEKALQGWQRDKIWDWAARCSKKLPSSSHFTFKFPPKTRHYNSYCYNLAYDYERDDCGKTWSKPYFNTYFDRKRSAMHKVIFRLRV,WVFNAGTTYRKVNTCMRIYWAGSSSGCPKYYQMLLEKGENQQFGGVDDSKRRKMTYHLIDYTSMPQYSLEANLIRIYAFRYRDYPESVIESHDSYHTKYKGAKFWQAMNSRCQGWESMHAQDKQGHNLSPF,0
HOST0,PATH40,MFEIELSWGPFINVCKGFFKQHCNWLTRIGLTMHYQNDMYIDFCHTSPDHVNRTYNPESACVTMAIQIWKFEKAVKPESYSHESMLLIGFEFKSLIRSDISIDNFCCWREWETVHNAENSLDYHDPFIGMGYQLALFNMLIFHGSPTNESKWVIEPTIIHRLGMLMCDSEIAHEIAWLSLCYLPFDVFETEEYEFRSLRMNTVEDRFGSVIMSFVVNWECFANLFGVALEMFQTDQGYRYGNTVSIPLNTQLFLAEHVIC,YKVSTTCWMWLVVEKDSTCWNGCAENILHHKIIMSVIQKVNHWHAQNLFPRDPQEMPFDNENDCIYSKIQDLDNITDITPQWDIIAKHYRCPMHYIHICMAEIPVGRKPVRCRVWYPHAEPTRWWIFKKCWLDKAYDTH,0
HOST1,PATH41,ANGGIFMLWCRTWQINRFIYGVHKCSWGSSFSCQQVIAKGGRWFHHECCVIGMQQLAIPVDSEFDDENICDDGCHCVCQIAWFTEYDLDEVLIWYCCKMPELVFAWEYCHRWYWSPTDMERS,GVESDWHGPLSFMGYPFIVMFSEDATLPPMDGMTSNRMWKCWWECCQVMGHTNLIVMRTYQFQMCVKCSEYGMRYVFYTIQFYVSNACQLNEVMNNGKDGYKMS,0
HOST2,PATH42,ASRGCQHVKNEGAQPPPWFTRNISVGPDWRSTAEIELYLHGFITKINTCREHSASEKFICGWELYNRSTHSWHETPQHRAEFTTKASMAIQRAFRNKAEEYRATNYYDEKLYKIKWTIDTMFCCDYVQLLTICRKSFWYLLMPNVRKACADTMFKLL,MMMQCYPWCGRQGEHKKLHISNLLFLHFHSEFYMGKEMNWAVICNCMIDWKVTNAWKTKEYPTRIANLG,1
HOST3,PATH43,GFILIVGMHAGWIIHYSYDVLAFMPLDSLCHMLTYWHCCENQHDCHTETPSFVIVEEVWMMEEQMSWTESMRKEWCLQTVYNGVAHEHAMCPTHKIENCNSCMINWSNSPKMVKKFSNMSTGCQYITHFAINLITDRPQAFCIPIKNDPTPKARIASQHGCGHQDHDWSCWINLQVMYSDGRVAKKLH,VGEGRGIPSPWEQAEWQDRAPVNQPNDHTYEIQKNW,0
HOST4,PATH44,KYVPQGPKVTQTMASKHCNSYYHRGIFRHVLFAGWHGSSGCGVVSRMEHKRKSFQKMNMVQNKFEKRGHNEFLGCACGNIKLVIWHPKWCRHVIWWCNEVHWSAMDWQSSMNPQYNHDLDS,IHFALWKIEQSCVHKKWITLGYMGSGWHSDDMKVLQHREYACCGNVEMVQKSIEFRKDDDNTTITNAEPTMFKINCR,0
HOST5,PATH45,ISMYRTHHMGPVICFSQEEVPECCQMNWWIECWCQYVQFLHVYHAGEGKRCMLCEYDEDVLLSSICFLWWPYHEGLWGNQSRVFAATNKGNFQEPYSDKSEVKYPKPGETTKCHPAHRNHFQEYECCDRRATMICSIYMDHDIYFGGPCRCRARHDNDQGPKIRERICHFAFLHILEWCTYAHGQDFQGKALLMMIPGFARKYEFVWMVHELHPEWHHPIAPKIGCPGALIWFQANVINHYFSCRQFTYNLIHHCIMNNHRVYVTAHTAQIYPKMIYAY,QNPMGKWEKGTRKGELWTWRENGAKFFIQQCDEPGRIAPWWIMHENMTAHTEAKLHQEQKHYLCGSPDDMWNQFIWTANLQVWYDEGYILRPDNPANGNRQNWDQICPKPIMDSRQITKGEADHRDRDCKMVCVQRSCLFKEVITRKPCISVCMNCGRYWFLNVHSTNWTGEHEVNWNCWTHPESPTLKFAPKPVTHTCM,0
HOST6,PATH46,SMPEVEGRITTKMAIQASPVHLNQSGVLPNQKNRKLAPKIYDAFPFYTWCCWLPQVKHDRNPTPISPNVWDCCTYSEPDFLRILWHAMPRRLFKNFFFVPYKNERSFSRWLNLWTVDSTQAMFRIISNNICNAKELSSAKLQSWTIRWHSVYVFNKSASWCHVCKPYPMNTNNLQWM,CVCTMRTMFYVNSLSRGSDQPWPQLGHRLQRLSYCVYEVEYSKFRENVNCDCTLNHMGWHCYINKARWRNLDNPN,0
HOST7,PATH47,IHGYGVRKWFIYFVCVWNHEHCNSCNPSYRKKECTWANGLILDTHGQPASLWMHRVPWRNERDNGTDYNVRTTECKASSLEETDNVKEEMYMNREIPFQYKYECTIAGQMHNQPMTTVHAVSEDWNDENLEMTAVRLSWGQWNWKLRFFQINQCVTRQFDYMSWYTFGGCYIILCQHVTRFNDDILDSNRGAFPECVQDCIWFSPK,ADANVWAWYDMSGWCFKDSTLFKVQTCYEFDDYVPTKAQAGCFAPMGWQYMPMAEPAKFAVTEGEQGSLKKTDVNKQLPDICRHFMNWTPISMTACKLIYCVG,0
HOST8,PATH48,TAVVAAPDVMFCLVMQVNGYCYMPLWGKQPIKDCHHEPVQQIRRQGRQYMVHYQGHMTINMWIFEWMLMACWREALETYPHSTTHDCAEQDMKPFMPFGPEWLNACSIYNEKCLCTIKCFHMHNIIWIVYCNNSYLFEMYIYHHAFKINYTWVPQIKMQDELVEEPLHGQIGKIMDYRGSNNQYYDGRYEVFWEWPDYNPHPHMYIPHFKLSHF,CVFSLQAVGVQVCNAIARELRWYIPSFWEVECCKLQWYVHHEDRFRK,0
HOST9,PATH49,GFILCCKQTFCVYFLMNAWYGCKGKWDASTWRHLFQYGEIKTYARGCKENYETEAERYKIGLHDPAQIWNKSSYQEKPQDLCHMPRTHWTQSGYWDGKPDNREWWDSQHGGVRLPARNGHLWPSQRIPSTTHTNLWDITYAPESTDAIQQWKHLWNSGWCVAFFQIISPWLVKHGLNDCCYEIKACWHYEGIKLVWHRMEIEFRQHNVAYHWFHWASFP,LGKKVNRTCIQYFEQKKQKTSIQIYYKGDNEVANQRFNHAYQVTPCEDSQNSRQHQRWDLLRYFALIQELYFVIYKFTTVLRTCDVWKLYYFIDPMRAFPRYSNCKKMSTNQQICDDQLHDGYVHHR,0
HOST10,PATH50,AGHMSKVTPRNILIDHKHCSNEGSWTWMRFQPGYNKWKCNNCDYVRATFKWKDYEPCALCADMRHCYLRHYRCESFSYTKVSTTEMDVQMRTLQQNDSMPPFAPTETIRPLDIPSVNWNRMMNSPKPWCSSGEGHFRHYIPVAHSPGKEWPWRGPVCAQQAKSSHIRPLFRVE,NAWPHRPMKMIAWKHYWLVYGWYACMELPYRRMFAYGKVKGWGLPGCLKLTMSKLRPIQRQAIVAEPSWVRCHKDKTQFRHEEEYHWCQLFMPREQVEDVMSSYF,0
HOST11,PATH51,DVVTTPCEDYPMLTIHCRCFSCNIAAEYLRMGISLEMWIHNKRRLQIHPASKDDSHNEKYEGEWMTHLDMHAKLVKLPTYQSKQPCVMVIWCALVHRMQLLNNNNFAPFDLPGATQLNRRRVWRWLNKVHRVIRADCCIQGIWWKKRYRCFPSKVQHGCNLNFSHYKENWHYLPLLLCHRHKYRKYEALTMMLKNAPMIFKTVNQVTSVPSITSNNHNCQSFHAFLRRGTSYWHWEQNGSTAVTSFPHQTGVSQAFCYSNNNMNCGNMYDKSVPRHA,WMPSCVKQEPVNNGYYYCSAFSRYSYSYTGWDWINIRQFWPPTHMQTHINWAVEGAFLWRCGLMWRVGWWSVTNSTKGCTGRSMLGMHLPHRWNELFQCHAVMVHAQT,0
HOST12,PATH52,AMELNSTCKIGTVNEFVSQGFKGNAPPKKVHTTYNLNKVHSPKQLASPMVRVHVWNNRADHTHIDRYYAEKWRLNMRTEPMNCHQGQGPNPGWINNTPTAHPHHNLHATYAKKIHDHQWKHFCMDWAANFYIGYMRVIEFDFEFPADIWYYMLLPLAQEALGHVGFPMFWCMALQDAQDCECE,PRMYFWMCTYWHEQTCYCMNWMKPSMIYYYHMCFSFFNQPLRFDEATHDWVNLQYSLSCTTIPVQAKNPFWMAGHKNKKNETVVVTCLRDTWWQSTSGNQSQYFDVAYAVQFKWNHPDHDRTDMKGMWTELWPWNYDSCQSTSYFGVFYMHELMASIDESYLCTMPVNLWHMASPPGMPVFERLHQHYTVNCMC,1
HOST13,PATH53,DDKTAIGFAQITRGCFSCIWFTCLNCWARVKWASLEGGAYIKDDRCVAAQTFGFFSKYNWWMPNEAWESCPCKNFQVIPNCPIVFLKLVRNNPDIWNPRSAIHPMGAHSMELMCNGDCNFLWQLAQLNPESICGCQTGIDQVLGCVKNKPITDAHLDHWVYPATNTTPVTAVIVENCIMVTTADWDTPWQ,KSYWITGWNDLYCRNNEGKMMGARKISHMTFGGEIKGVRVIRHIVHKVIWFVMAYRYNVTSRKKLNAYARHEKTGRRDCIAIVECFLGQSFDHCLSLHWYRCLWQDENGPNTDKTCDCVVQNPDKCVYFWSANMCTFQYEEYWMWMILPDVGERYWQYWHVPPAMLIVH,1
HOST14,PATH54,LWYMFTEAGDYAVAFLKAWVFACRVQIANYCEYNGVYKNHNKRAWWEMMEDQQQHTEDFPSELECCWEVHTCVVRELCFACWRYPIWRCGQYDLAYGGTQINIDTCDAQVESWIKKAPRFVEKTFDKAWMDCCCNFHNPDLCRDGLIQEHTIDHMKRYANGLQTPEIYQSQRFHATQYSKNIPEGMPQVAAKQ,GYEQGGNMSYPVFQRYNPGRPPFACTLVCGEWTEVMEVMDYAFCCVTCILKCKFPSNYRSPPHSVRTKRTYCLICTNMFPYDTWVGMEIRQMHYDLCSTFNWNYRYYTGVNDTPPWDNRPCWRLCTSAIGLTTKRKSYTKICALEGIRAMA,1
HOST15,PATH55,ALWHSCILTWDSDFPYRHVFVKCNMMCCSMCDCPPCPGYCWMETYWPFMWWKVEISTPTDFRIHAPNLELNHAPLETWDIMKTSRYTQKMFWYPVITKWERNCAWGPQNCCLNHHRVCHASKMGDAGFFRVELAWFHEKRHQLMFQQGIYHTVYDNPEAYLMDRRRWVNCGKKNVVVFWFELTEWTVCLSTSFDAATFSSFWLMPRDNWLHL,APVVMNWRIAQLSWAEQHKPTDMFSLYYTICNTTNNKWGCRCCMEFTCHMLDKRPAQMMTHHVGTNMCMGRMNDYWQYAHYHLDFKMDFGPFDRIASKHPFVDVWRRCGRSIIYYMAQCTSCARYWSFRHVADIYGQCQFFLHEYSGSPGDEMRNKYLTGEAKLEIPELRCNGWWRGSFKIRSRPSPKNKMLKQ,0
HOST16,PATH56,MDWQSMCDFTLCAMGQPQLQPTRLSPLHVQLFCKSLTPEFHEETCMKWAFLGWCFSDVMVYWRAGIKATMVWAICVGKQLGCAQMLFPWIQIENVPFVSEFFKCLAQGDPFPEACREESWGCHSKHVTFEGTRGVLQPLELNVVPDSASWHQFKWCWQDIRHMFNMHFLLQRYSRHTRHAQSYTFEECPCLPEAIINRHTGGGG,VGEKVDAWLKSYKDVQATKPKVTGWRCGYFYIGGNWCFPGPIHVSRNMPDDVTCRFYTILYMSNRWWGPCPRCHRDAKEDTWETIWKAFIQEPWTEEKEGDWMNGCDLHATEQKQFLN,1
HOST17,PATH57,LFNIVLQGGNIKYYTNLPTDMINAHNQRRWNVHAWTYAQDGSQSPVAHTRTFYFSHPWKKICQGAKILMIQVPKMVCAPFLEKMKQCYWNELHMHFIMFHGPEEAIGMLCACIAQNRTQEHQYE,HEGHRPPDNVCVLKREVENWWPAIWIILTLVVDHWIVWRRCKMGCMIARYFVCCMSHEHQCFQNEPADMPKIEKDNTVDIILHPEKILMNLTLMSWKIWVCYLRIGCHKFWDAHWEFEETACMCRRCHMDSVYHAIYTNQMAGTDARAIMNIVLHSQTFFEHAVELKTPMDPDQ,1
HOST18,PATH58,AAFKFFYFQSYPMSWWRYWMPEGWSWFDRKYQVREMKLRLRRVQVFTMCTIESVLDYYIHMILYCCLDQLPHCARACHVGVVKILDEASIYETFKPPYEVIVFIEHWLMYHMNPWVHNMHMMTTHGAGSSALCIWTKT,CAGHKCFEAGATSFDWPVAQTVLSSLILRPFNSRAHEAIMTERFHCNSLCDELIGMITFHCVSWESNASRRHSDRMCMVITRKCDDHSPIKAKKCVMVKHHLPKTPQFDQCLMYSRMWYRPWKDLTNLSCSPNPTWWRMDGWPMAGYMHHLSVRKQCKSGSPMYVYDYWEGVES,1
HOST19,PATH59,RLDEGEEELVGPMNKETFFINYCMQWDRLMYFDTELKQNMWGVQFAWPVYQKCRSTFLAKSNDKLHKLQVYKRLYRDIQTYLCLCCPIYSDSEPHLDFWAVVGARLVDMPDRQVLDSARLGNYDGQVGVWVYYIMVEMEHVDKQNPPQDIVFDCRGHEETTNAIKSHPNLYWKIAWIVAYEVPESMWRSSMAPPMHRRPWAKWYLRALLYITFYPIKRPWMK,QIWRVHEQLMVMVENFEEDNWSEDMRTPVFFFGCFIGGLVNHPPIKGAWRRMDRDAHFIETGLLSGDTHHLGSLEEQDQFNDIHPMHKMKFEQWFPRG,0
HOST20,PATH0,PKFMCGSDEEGQINVDEGEAHIYWHSNQKTKIHPRVARGSIFSPDILEYCVLPMQKFIGIYPCKLIKTDCPFNLEWLCFEIGPLLVMLYEWNHDEWYEKYGFLLVQVKIHGYAPPHFAQKCGFVNQMWPTIDGIPIRKINLIYGHYVSGDIGAKRLVIYCICWHYFKESQFVRIQPLSETYKIEYKYYWEVQHQRMTWDTREHQIYATDPNEGCMEYTFLCFCMWFIEDAGQLKIAFPNKLIPHIVRSNYS,IHMYLTYEMRQELQCKEPCAIPSYQVLGAFVNDWQEEMQPNDCNYQVRKFMMVKYIYPLWKFFEKLMEDESNWRPSCTQIHVIFIQYTENYSCNDHESTIEYSPDIQKVDTCFSYDVLAKLYAVGYMFPIRDCG,0
HOST21,PATH1,LSRREYNVEKKVQMHDYYDGSCFSCDHWIGSGHFFCFISNRSTSCAKSVYPSRNYYIRLNYNPAWWKDMPLIWQDVGDCCRCDWIGL,IYGMVLHRLKHIAMNTFWDTKHQKMACIGTQHSNAGWVPKPIWYTNCKLGMMSEEACPSWRRNQQRQKLTSYDNLHYQYPIQQYGYGSRNKLLIPAETCPQEGHQKMHWWSFLFQGPWQPRGHGCMSMQDVNMTSWSAESGYLQLMDYQMNEYDIMWSHNWWDVNKTGHDPYQNLPCRTSMFWIPE,0
HOST22,PATH2,HTSIWMITRVLRFFNIREPCQDWEFWRFARFPWHQRKVYEPGVNCMGGIWRYQARVKKWQLPLVAWKHGRETLRAKEAVVFEQRLCRRYWVSSAYLKKQQWNLHMLCAWVVYFRSIVPYLVYLFNCCTNNRQAHV,DYNREHHGQKSFDPDYGRHGYWGEDDWAEYHII,0
HOST23,PATH3,DYTGCDIQWYTFDKNINAFQHAYMLPEKISDEMYEHYMYASQVWFSIRTCRFDTLGKCLIQILSMQRRQVDRAREMINSGTTDPASVYFLLSAHYQEKWDVSHCSIEVLMWFADWCYVFVWHPWAMCVDEIHQVGLELRGEFQLCNSVSLGGLEVVNRFDVSLNTYLFQAIAWQQIHDVVQAEMSIWKATGHDKPGNTAMPNGHMGFARMGLAFKNSFWTTNLRYDNPRLPGMQLYEYVDNYWHKGIMLEPPAC,EDDSHRCQPMGYEEVCPWLTRFCSYYGMIPPYKWCPEHQTCELTINCCLMSVAVSVEVGIWVQPEPAVLMGRRFMREKNWFMGYCYCGWSCGNCYRSDYVQQIDKICFNQNPALIEASVDFIAYAEAKN,0
HOST24,PATH4,QFARGHHRRWPPRSWGWCKEDRIGWDSMNTFRCHGGYYAPDGWENDSSEWAWFWMMADLLWRQVLQFPRPSIHLCTPATTSFVMTFIKGLCEIPSWRETTVIHRYTWEHICPPYETMTRQEMFITSWESRTKCVAWTQNAREWGQPNFAHDPC,DDNGNKWWYVPGYELLNSYSMYRYMARQRGLICGKDHLVVIELGPGQRSLQLCPKIWKWFQGG,0
HOST25,PATH5,WTWDEILYLWHTFLNREFIPSLNVVWEQHANTTKATCKRPCCLYQDNIKCTQGVKEFPPCWQQGRDEHFNLFFQSDERNIYILCMINNMISWRAYFNWAACWDRDPKQYWVCLTDITEPQCPQPNMRFAHVQNLQHTNASTDFHGCPFICHTTRH,NAAKPQSAHNNEFHWLWTGLGNGFIVFDFLWLADRLRTTYDRKDEEYCPNHARSHTPFAALDVQEWQEQVGWQCRKRSSHNDYRPERVLSAQSANNYSYCKRGCHWMKSQVYQQQQPRYYIIVFLSMKYNETVLNQQKQNSLAHTMWFFIIYNDRAWPYGVSWNLMHTSMIAMYWQM,0
HOST26,PATH6,YDTGCKDFYIHKPPWMAWYLYLKGGMYDQKHVKSQYIKAEAFMGSFSRVCARFDTQHVTSHKGYHIYDHLQRWRWYKFVQRIISWGCEPLSPGYNPAFEDRAAHNQHVNAQLRPWKICCWYIDFSYLNNESEFKSPWGIQDYIQGTMVKVSVNNDNNPTRIMSGESVIRANIDCNGWMRHDMRAECEHWNNNYCWKLSWLICIVSGTQIGKVVHTDSFIIPTFKTVRTGIYCRGVHDPYVISQCMCLNTYQTPVENGTCHCVHTNWMNHMLE,GSLDVYSVRLHGSKWYVFFNYMSCNQHMDHNYNKMWDIWPDHCCCPIFRQKMWVGEWYCGMRKAAYDWRENTVYKQVATMLSKDTIYHKQLMDLTPWTKVKWDQHLCQPHPNRMQVWCK,0
HOST27,PATH7,VWRRPSPMYSRDGDICFDIVSKFHLWYLTNRNQDWMVDDEKAAMCANVRGLFAIYRIAFHEFGWYDIESPYKDKAANKFFMRVENLNVERSHNRSTYTIPTWGLALPSTVCASSISPTCFHLPMWDCRLTQVFVALCYRRETECAMSGVGNCQALPWFTKIPCKAEFYTYAIEVQHHEDYRWSVVGKAHPNQLTTQMHWRVKFTFEVGDEQYDSNTMLY,EPRLSYYELYAKERILYWGTGYWSRKANFDVVTLKSPYLPKYFGQRQLQDPGIEWNLEYWDAI,0
HOST28,PATH8,VQPGKPPPACQEEHSNMNYCKGHPMGECSWNSDINWALRSSWHDMIRGNPVNCGIMCSARINSQMNYFTVRMLNEGTQSRHANDRMDHPPVLFLAVDQLRCWTAENYWQYMWWMITGYGPYPNMYMTVWAFICIQSGNVHFSVETWVCHGSDPDPYGSMPTRIHMRRVSIWPMEYGGSQ,ARAAIDMLSAVMQEQAVLAVHQHEHTMEWWGDQMPPVGAYYGYDGTWIHYAALNTCGDTINDNSGALHILMQRQEVRQHTNLLLVFHDYARIWRQRWQFGFGCKD,1
HOST29,PATH9,TLEHWDKWFRKSGEIKQWYEEWAPEPCPDFLPAAYWSKDLMKSRGFIIKVRRVMMVAAADTPTITFFRPELADRWKTHNLGPQEQNRRNSQSCITWDCCFADTHWIFKQKGDHFMDCHCMRDIYACCRSHNYTFGFWWFRPGYTVKTNILPDWPSSCYNHLIYVHQVEMFWQIKIYMQGSAFDANLFI,KRVDVVQHMENDLQYFRNTIQCNPITEQMASQTAAPAVWEFGHECDQKGDWIHSLYLSVHTGNLTSADPCHRVFNGTGCNYREPNHHINKEYEICCFKHDCLNVCMAEFSAAVGRCGQGFLVHFG,1
HOST30,PATH10,TCPPGHRKACCWENDVTVTMIVDIPCEEARWSANMCNPHYNNCFRGGPLPMCFQWYLYATFECEIEMMPLFVVQRGSLMNSFAWYDIVNSNVHEQFMCRKITTFACSFQAPPQVSRPDSTFSHMNRVSRHKELMQKATQRYAMLHPECFTTMREWYMKAVSINAEFDWQTEIVHDFEPEEHGRYPHVLVQFQRSRRNTDWYI,ESIPIGMKTANKVGFVFYNWVHEGILLKCWHCSKMCLQDGCDNRDLWTVDTNIWSYYQHDHQGVYISAEHQEEIAIKDIFKEMMKQIRKASLIDYDCDHYDDNMAIFNRVCHSCEADILLTWFQPFQNWTICDKDKNVWCPHSRAWYLSFYLPIDSIFSPWPIYNREVSGQNDRQYEFQFEFSEDQYM,1
HOST31,PATH11,YYDKWLCCWLNWAYAPHRSLMEQRCMFFVGPPWAMYNCQYNFAMWIYEDYIHFHHEVISKQIGDADQYTRQHFSPARTMYAVCWCKITRAPRLERHDVHDSNNVKTVHMCRAYEHKSHADKIKCCYKGCGQHSWMFINAGLTIVIMWMNWFKPWAFMRILWPSCFCVKHLMCM,LQMYFWFPMNANLNTCVDQVCLGPCAYWNSWGYVMNQCVDMHRWSTNVPHKAAPTLYRTGPCA,0
HOST32,PATH12,VTFPMSTYKYKQWMRTCDQTCWRPYHWCEHLDMIMCDLHLGTDGKEEKWNQHQPRFMDLPTWMCQIVTRYYFSDYSWEFIGPQNRWFGQREINCNKSYFFDPNLGDRWKQNRIDSDDCLLLGICFKHMWLFFDHCLKDKWYKFPYDEFRFWRVPESVCCIVCTRRMCCPATGNTAYFGRNQVDFNTEGAMQLMARPHCSQFMHWQQFPTTGWRNVITCYEAIAYKDGIATRHILKDCSGAALMVTIGNKKAHRAMSPQIQHPTAVAEEALPDF,NWYFRACEPFGCFWWHRCFVCAFMFPENSIQKEDPYLPTQYCNGFAHLPIKSQYHMSSRNRIAVRTHWITPVGWTGIHVAYVDTLWSQGKMLWTYDPGQEDVQNLTHYSTHSTWFSTCYWPDMDDR,0
HOST33,PATH13,KESTRDQKIHKLKHCNCFHAGFKRLKVLPNMVQVTVWQGMNDSTYTSVGGINFESSWRLYLTMPKRWTSYKCTTVFDFSMYHKPTECASGRQWSQDRIWIDVKSSFGNRDWGRCWPGCEPHTTITNAWFHKKPIHDRVFPSRYKGHDRISVTFSCTASQCQPMCVFVCQLSVPCYEITIENLGPAFGADRTPNPYQIQPGLMNLAIFLFLY,THCFYNDFFKMFAWTTVCSGQDNSCTMYNVVKAREASGHQCGMWQHFAWVRFTHMIKMQFPWLDCKN,0
HOST34,PATH14,HMMFHTYSDGEHVFVSTTILSGYLKSRYYVMDNQTRCIVQASRMNRHAIGRPVNGEWVMLADVEVYVVFWYTVNDGFQKTKKEAAPNTVICIPDSTIMEWYQPSFWWMHVDPPKRIWPMMRNMGKAVCSYWMAYDIPYLKDALDRTDKNAVSCCASFFYESWGIHYAWKIQMQAMNHMLFHCSASVQAQSPAIMAMTVHRNEQYCCRDN,PRNTVPGSWMDNWTFRCHPARIKLAHTINARQA,0
HOST35,PATH15,MNRVYNANNKPKVNCSCDCSFPQCNNQSQDDYTTHAEDWRYEHWWNNAEWALPKPWTLILDVDYHPKEFCCMSDNCYGVWGDWAANYLCGTLVVNRNWVHTWTVNYFLWPNTHSTRSVRRQQWCCE,GLRCPCPMYCAMSRSHNQEVSQWFESWPGNAHMIWWVECVNKPRYGHWTAQDIQHIAWQDTPK,0
HOST36,PATH16,FKCEFMKYVIYHTEYMDCFTPKVKACDRTHAGRHCRPFYENPLSRIRCKFCACEDHLKRDPRFVTFKTTHRCRKSKYFPKMQPFAFRKYNPFDWKFKDQAVWSKTFIAKWTFCHGRNDTFAVWDMM,MRVLVQPSNIRPKHGRADLMDLQWRFHYKGGPRPKKPNHIGPMQRTCEFASRNEMFHESFPPVCGACIMDFKAMFKCRDRGHENEPHFAMFKVQVHLEESQWRLSQVSTWEWKEKFGYEVLLWIHSQHLKKMWRTQKEKESAWEALERSNQNNWHWFFIFSVFKSMIWQSEDLDLSYVETEDILYDGWNVD,1
HOST37,PATH17,QFKQHHRYCNLVQAFPWFADCVCSYNAMSWEELYLHMMKCHGRLFASSTWQGTDGDHPTESDLRYTVCKCNADSLLSKWDVNYIQALKQLIEELMSGQKRIACLDAHFDDWLKADDTINDYVMTSAYMRDKGCNSHEEQDWATQSDEYTIHTEMIVNQYQFMFGKRHDGEASWVCNKDWMVAGIAPWWNHHTLRLPIRDKYNQTAWWIPFPMALGRRTDCDHQWTIAPRLHDMALHWEIIDDDMWGLMSFDVDPICVASGLFEKFMVV,GTMQTDWLGDYDTGLCDVSRACPRHSTLMMWDVACFFLYVNDNGMTFWTGHDCSNVHFSICDKPWLQEANMYYGFQKKEFPERIMSAPAYDMACWQYQITNIMLAATVQMNMYFSTVKTPKVLSHPNLYLFLDVPMHCVCWNGESSFWGNGRNGMSWHYHRNDGSFWNLPRMCSKPE,1
HOST38,PATH18,LCGDYTNLYWCAPIVVHHKPTMCVATVSIYLPTKEYGRGSIICLCWASTHWDCNNACCRIPTFHERWWMQRTAMDHGAWADYWCWTLGGMSLLFHSWHPNIPCYCWNAVSAADQEWFYMQPRITTSHEKDRYKTFFTHLSFEIMPFAMCFFWWNFIWAGKRMSDGSAARTGSRNYTFPTISKPPKPMGLPHTRLQLAHLMENNSCAHPKAQNQYGRCNHPESRQIYTALIN,QNIIAYASTAIEMYFYLYILNEVVDEIMHKWQAAGLQDTRQWCGMNYGETGNHVHTTQPRLTDRWVRFFWYPLNKMPDDAWFHANEYLYLPGKIIYNGENDMTMMNCRCMVTHPLFFLKYAWFRKMEDASLLAHFDEWARECEKLFCETEDSYAMWWCYYCFEDSYSSDHYQFWSSKHMWGVQWEHCKRCRRNPETMTT,1
HOST39,PATH19,DNFRNYYTGGSWQTGACNVQGFNCPKSSCFRDHIFKFAPEVVEDACFLIYDEKPESMEYKWIPQYVDFWRRPKTRVVLMDSCDQKASFKTWQHRIPNNPHPPHWPKAAGHCTWWAWEVHEDRAQADFACQQQESICFPSWPQDSDTHGYTIYIKGCFWYTAGDTYGSYCMHTDHVWGSGRWRYIGTCRYWWKCRFWLITYIYSAMTKETWSSDPEICHMCHKIAQ,CQLCAKKLAGFVEMWDIHKPKTVCLLDRAMSNKKNFMAWAQNTWKTWKDFMDCQWGPPDQNYGLGAWGHGCQPDKHLECCRCMREGYFINWEAMQKTNTTRWCTCRQVFAYMHIVGGWLNWQAGILPAGVHNNEEQNWLHFVRHIDSPMVMTWVDKYDRA,1
HOST0,PATH20,QPTKVDKCLDDFFEMNHATTYDRMFQAYKEFPEYSGRRVVNNQDFLPPGTRDYAKCCKFAKSCAIAHPRWVWASIQGWCQVYHAKPAQSLCRCHVFVHNEDFVLRDFIHWILHMHAVHCHLAKPMWLRPVSYGTYYGCWIPCVVIRPPWCAPAGTIWRPFENDRNCESWIAIGEFKT,MLRRKPWECHYQHCQHFVRPFIFEVTLSIQQIWKEGNMEPCWKIFWDNWVYKHIPHWGMHSELKQCQIWMKYLGMSDNYGWESKWTFDMDVKFM,0
HOST1,PATH21,CREQGCCLQMYLSYDPAYASWGLSMWSAPSDLFQQQAKNLKVGRETRLRVFMIRFMRQCPVHHCCSINDDLTKTNCWRGARYSFNKVSIPRMPYSDFCREVRDFVCHDYVNCYCARVIHNGWKCDEQKEQCYQEATMMCAAISIVSLNEAIWVNNKSEWRRHMDWRF,GNMYNGPVIQARLKIYSQRMGTCEQQHWVNKDFYRMGGCSLDSSLILGPQPGPKGLFNGKIARADITCGCHCPKPKRQWLTQCDFRTEFFSCQCYPHPSQGCCMKNIYTAYESHERAGLQWLIINFLYDMSVCCGICDWKKMSRNWKHCATMCDRINHQAM,0
HOST2,PATH22,AAYKLYHDIVQWCALVPYNRPHGNSTVMLIQTMCNTVHKMACGGSCSWKNRGVNSLWDPLRILELPSVNVFNAYPAFINWFVMSCQTTHTNFLFGTWQNPEGNE,YGPMDDPNEAEIENQYNHLCNHGGEFLPWIYRLHFWQQVIVMFCYRWHTLVAAHTDQCREMMEALIFCEYEHEMTSLWYEHRWAYCSMMSEYFYIEKDMAVSNLMGMWNIGRMMCKALLLWFGYCFVGTNANSHDGKYMCNAPVQSNSNMHGATAAIAWFFW,0
HOST3,PATH23,QVTHFCEMRWRRTMMWLMKMWCQCPYIYHQLCMQQSHFNPLMDKGRGEIDKKHDHVNAHHEEKTWTIDKIIESIATMRMKHVNQNCHMPGENMFNYCISGGMYWDECLAGIPAKYPHRKKCCSQAVPGFAWSCCLFPLSALMVQHLYCTVAGPMKASMAFS,GWVMIKFDGTTLDDATDPVMSMRIKQAGQDKGIMFPHMEPAAVYNLHEYPPAPMQVFTRGMDQDYTVFFFVDCPRIFSMLWQLPHWNFVAADGPTKGQGM,1
HOST4,PATH24,TASQCPMSWVYLINSYGHELQKPTQIHAEGTKAMEGYTATYYFVCWMELLPYMDLQFLHREHLCEIMQMPLAYHGCNKCTDHWCMQVGCQVYPVNGEYPRVPDVPKYHWWIADVRSLCWCTVWDNYACMEPSCMHINKDFLGQIPTYQGVVTIWIAPIIGDNSSWVIFCQWFRYTQLERMRALNGYSMIASADLHKRTPATNEEFFRCQTREWQYECIQRYGWRQDTVHVITPVKYDAGHEAGAHWLPTMCVYWDQRRR,HCQVVHCPFMTEADKQIKWMKAFHLFAVNKYCDPPDFRWQLGTVISQHMSGMRCCYKKSLFCKPQLPPMLMYDACWYPHMDFLQEAIMNHCYDQNPDMHRCTDACLKLDAYRFADCKYKFSAIGECVTFM,0
HOST5,PATH25,IMWVPTCFAGKMFWAFMTRSAMKKHMSWTQRPPGEITVAIKEFQAHGLLCMISRQQAVMKEDSTFQNYKGMDPVSSCMKSEYTHPTCRAFTQMFGWPGVCKSKQPLDMRGISANMHTKSKVETDQNVKMNELQIPLNPRYFDKSTNTRWDHKYEQWGRDNISGEVHLSWYCRHRCHYVRFMLYGLDVKWHIGTKDSGQMGQVFGMWSTMLIYCKVATWLITHAMRLLGKHRGMPPPVRKVTTQIFL,RCWFINKTMDLIRALMYGAPEGVVWCLDIHVMMHGTENKHTV,0
HOST6,PATH26,AIKWKRQHYWFHRYNRPLYQFDWLYPWFHNPPRCSLGLRDAQKSFFLSDEHMDMWTERGKICHFNLWGFKFWPNELWFQTPWLYCGMIMDESQPSKNLCMEMWGYTPRVFTKCLKPRDYNCWAVTYPDDIMCPGHNWCEPDFMNISYFQVGWSWQFHSHYCQCTTHCKLEPHACSGWWGFWRIDNKMQKAEMWQRTDAE,KTFDAKQTFGWTYCHKRDHINWHWGTKSNYLFVKPPLVENTAFDRKMAEADQYHKWPWGSTAEYRDNWPYWSTRSDGPEYNRVDNHATDSWTKYAVSFMSFHRYKSEAAYAWAMVDYDAEKMQRGLMD,0
HOST7,PATH27,YNFRVPWCQEPALGRISGEQDNSLELQAGCNHNPMCHAVNPDDTEWWNFVLGHCAETMAIPCSDPKIYHERQPYCTNVSTNNFAYARVFVHPNACILQEEMMFVHYSNRMWWVIFDFNCALYLPSEQHETLFPQNSHTSRYSDFREFRAEVVKIKHRHPLSFHNTDNHMTGEDHKHMNTFESQFRWNFTNIQFNFDSDDGWCNKCAVVKQFCKFSFSRFIEQETQQGWFWRAWDNPQLRHG,QKSKDELLEMYNMDNMARPKQQHVRGCYTWQGRCCYKGMMKQSFWEEHTSAAREEDYFYSNKTAYYDKVQNAQVHRFLPGVQIEDWETMGFDRIDSSC,0
HOST8,PATH28,DQIVVLNWSFEVGRWYFTYCGGWDECFQVNRNIRGEWHHCIRDGTGAFRAFAMLRQCCTWNHTPCLWDAFPCINLVAMKRVIFEWGCRDSRKSGMCYAYQKARLHMKSANYIGTKPHQRIPRDVMMMVYTQYSCYDGPYMVEMQNINGDDPRCTHTKTLMGQQSMSYSNDWHWESPHKDHFVHISFLFYDTECPAPINKIMANWYPRCRC,FICKLSGTYIQRATFLTFETWIRQQHFFAYDHGEFPMFCYSKRVGIYEHDRIENYQGLSGEWKGQFCSTEKEGLCMAYFWSWGKTYSPETY,0
HOST9,PATH29,PSTCVHEIFFDSVARKHIILLHKPVLEMGHWQISPIHCCINNDSHTVTSDHFVEDYALLPVWDPVDPLHFGQYNVRRACYHCFCRFLR,AFSMPWTNQRCLYKDEFHALCPFKMRTDLWMRDGQNKMSACDQDMKIAVMPWAKRRQMKRNRRYKATMRKKKRNLYWKTMETSLWVLARTAQMWNEVNAGLAQYWEGHDPCNDDGASAMTWSGNLHLFSNLQITEYDRDPDEMCDDAI,0
HOST10,PATH30,EETYGQCHIGWAAPECMCPTQEEMNIYGNDLVMQDLPFSPPICLIDAENVEYGKDWLLPGVNHFTGFHMLDHCALKPNWGFPENVIPHNHSNSIRYFARCNE,LEGDSWHEARRQGNSGIIKYCEEEERHNVEQPLPCLKYGHDMFFIKHFQMTTKAYNVMQSFPRGSYLHWLLAGGCKIMLFFWWYQCPQVEIVAGDYNNWATINYVIHMVAGVVCYCDHETNPAKDRIESCIGLHQHQKVRWWVGDGRCITYLWIHW,1
HOST11,PATH31,VPEYWIRISLCELMFQCIMSQIKMHSCKTFDWDRVHYWWSCINPGKLHKMWHFAKWNDHKQDNCRVCCMPMHKMTCQDHNCQQLGCYLNQKYWLVHIKTWDFFKIWTPFEWVTRRTRSQVVYPNILHPSNMTEYENRDFYPRCEPRRKTYCASNYRDDCICGVDHATFIVFDRQVWTWRQYCMWELIHRPECIIEQVNTEMHPIEIGFFPYAHTKTQCPKFCFIADGYNYWEMYVAE,KESHKKFHGWQKMNQYHERTMLSRWLPSRILLCGHTLGKTRPRISLTTLVRYWDNLHGCRWDIDNCSQHSRNSWGPSHTKDMQDYGGWGHKDHDLHLDEYNYSNKMLMECDYKCYQDAHWNDTLWTFYNYKKWYGFQSKQLLPYWRDF,0
HOST12,PATH32,DMRRKIWFVFDHWYQIPGGFTWVFQGCSVCKASNDWDFKEQTAWSFVNPHLDKANKINWAYCEFMAFFEDDNKYKSSPQAIDIQPYQIFMLAGYLDFMFSSYDRYWSCDDVYHVCKKLTTRFINREGYN,SKNYVNVLELVIQYHQKAKSWSHYISTIMRRWCHNFMQSAEFSFGTHYIYCLWSIFIRMGHCNRMNMDKTIA,1
HOST13,PATH33,IQTYCLLMHPINQFTYHWGSPMYCPRINDLFEQQMETMLNKDRGRPFFKDNRDESISWHTSTGYMHQIHRDTIPSYDDICMKMLYDSMPSNGYITGNKNCKMDALYQKAIWWWRIVQNCHMITAYSTATGLSKRIYEDLVGHPNMQLRPTGEVHETNKNVQCTKVQMLTDSQEFAKPRNKRLFRKSESWIDSACQGQGMFLGK,ERDVNHQMTWQECTFDILLMPKHNIDQCMRAMLWFHTCNPDWFRQHVHTGRVASSSDNSDRQDAPRVPYSFMLVQDTMIHYCHFGVNVEVRPPETLLDMWFCHKTSFMDWTFKYLCWGKDGVKYACVWAGMYEVVRHLQGNSRKRKTHWQVPANTVWITIICDQMQIM,1
HOST14,PATH34,RYDVKNCDCRFRCIQWMPIIHFKWLHKGNCSVHMDVLEDYICILQVDMKGIWDSGEGGWKRMNSFHPGLETSHEAHCREAKFMRCHVVFWMYSALCLDGPVAVWSDWIQQEHKDENPERFLNNEKKQVKMWGFLLMVMTHMTKPYSKMFYVFCSGIIFYTHWNRNFKVHRCEQMWYGIECQTAWGVVSVCWDKIHGYLEEMIKQGDDVEHQQGMNMRFMIFETYKEENAFINNYCCTIHVQICGLLSVVPHHTYTATFKWMTCW,IVNFKRVPEPMIIRCMRTQKKWMRFWTWMVHDDYFEDCSMVGCGVNSVLVYLYRYACARKYGSVSNMKLHHHYDAEQCPNCYQGICKYDQMLDCMNFFPQPQMRKSIGCERQPCYMQITFIH,0
HOST15,PATH35,FETLINVPGGECADMFNMTEPPPGNYQCCENDVFPDLTQPEYHGADTPNPMNFCQITMAGWMQFMMMIWCLHQIYMVNKVDTRSTITDPPCKYWYRHGRLEFNLVECEI,MIILLQHFLYKDDYYARQVDFYVMGRKEQYLIHERCWIWQTCWCHNHRRQIFAGLWHNAHHKKVTHCVRANLVCLEFINLKFWYIMVTAQVNLCQWQQKKSFQQREIKGFVWFRVQKGFVKLSL,0
HOST16,PATH36,SQAVFQIEDCDLWLGFHVNIINLTSGIWGQCPLSGAYMHSISKQYRANTPHPIHVMADAIKISHWWGDTYIGKWFPVWSWIDCKISIQRNNWKELIGALWMNCNHDGDTSQSKPDTMLHAQHPHRRHEAGPSAFDPCLFYGLQPEEPSAHIPQAADGDCVEMERSCMCSQIATPAPYPCKVHANPYCGWQKPKWYYSTMKVSLYQWCHEPNHMGNWYFSDNLAGCEFRLWDSEWLRAQHVKRIQNTI,FNCHHHMVGGPFLRFPAKQWTCDGLFFIPIIYMNKWDVCHFHPPHNFDGHACRADSCKCDDMHCVCNLNQLPSDSYCSKSNCFAWGTMSADLSEHEHYHPYREIYMMSMN,0
HOST17,PATH37,FRSDMKMGWTTAESNRPEPNCNDWPFIPKKRLYHRMYSRLNNQVYKAKSWMFYLWWPFEAPPLEENLPVNENVCTLDEARYMGNKKGMETPDGYPKDVWICPQTWIGRWSFPIKIMIYIKALNANVCYDKPQWVFNDCHYHYWFDKMDVDRMPLAWTGYRQSTMEIRLNVHNQKDATNVTWYKKVTAWEIQHCGQDGHCHIENMHMHLQNATGIMGHEYTSKGQVPTEHNIGVFCPGFDSPTIRENDTKRARYL,FFKMNKFLLNRGESDDFFCDMQWPCGEFYCWRTWYGYLCPNDDPWHPRYQDQN,0
HOST18,PATH38,KVVFQVWWSHSIALRHWGFIQEFDKDWMIFSIADNFAWTPFAWLAYNWVPTPPTLYYVKMGYVKIWCEHWMQGFQSIASFRPVQKHIKWFPRCCPMHRMVLGCEMNAWYAEFYYPLLAQRHYQVTYGMPRRDEGAFCVYWVDKIS,DGMWLQNFACYATYTMKKRWNMMFMYIGSAPRALHGPQRRASWQDPCDSIMHCVYETYMGSDRGVKFYAQICFCVNT,0
HOST19,PATH39,HADPGPGLGIEEHKPHITVPRPKGKDAEHGDRTVEDPHQGFRGKWKAQKGMTQLQALTCPRQHKCVMFPAMILNFHRNDMSNGFIQCMCGNERIPYIFHGHCFNIDWGHQPRKRYGDGPIDGMTLSGCFEYVCDMRMNIFFLEPYPQRGHVLGFDCTMKSRGAMCIKHVPTEETWAIPQETFFCRGWEFKSKGMHDQAPSVILMHFITQWYIHMWYTQQWESPNIQTM,SWYLRQEETFHCYLYPAPLPAQQPTAQLSALDFPRRAQMFLKSNCGSVQLCGPCPWSNDHRNGNLNPV,0
HOST20,PATH40,MMTVQFEYGGTSCSVPVCCDVYEYYKAMFLYPTDMNPNKHNQVKIQSETFDESPPSELSKWAKVNMELVYMQWAFESILLENRLHERYM,VGWSNPIHDLMEDNLYFQRSKIKWGDTYMVRLFFHCKNQFDLVAKPQHIGTNYLYLSCTGDMSSNWPMCKLSYDMFQPVSGVQWLVMTADCQPLPPEHGEVCGHHLTVTVECHSWSACRVQMIHSGRYFSKLCNADKKMAKDYAPFMIDSTMTMISWMEMDCDRRQCIERLDNAY,0
HOST21,PATH41,DVLMGVGYSHKQVYEEYPLSDYAGQPNWQWGPNMFCENPQRDNFIYGMEPGINDAKEQVLDFMAKGFGDWKYNNFRVNEELATERQHDKVTGGMDNCNDNVAVDECAPGNDVLIFREFEMGDRLNMCKQRICVAARVSSMIWHCCYDRDVINTLLKGLCRHARWKNFQHNKMCQNQVDL,RMESRPHKNMACITYSPTEGCAHNVNCSQACTTNWVPIYDEGGFNVGGMVQWVDNQNQTWQVHFLKPGRKDVLRVKTQTGCIEHYDLYSCWAQPRNFDVDIAAAQGNMVVYMFCAWYCMPQGIIGTRQHMELCHCNMQMGLDGHIRTCCGAPFFFDMGRERLFKDGECDWRHTRCVMSTCHYCDQAVQDLMMGMGSNCG,0
HOST22,PATH42,PFFPHYAWFDDLRHCRWEINPRGKIIVDQAYKDGWHELNMTFPCTPERIIAKHRLKIEQWATWEFCYHPPEEVMTHNESLANMRYEMCFRISTKVNPDMTAKIHLHQSDGWGARQRAWPVTFDSDYQWPRWLMGIQDMNTPSTTKKMKVCARQMEAWMERHLQTIQWENHVMEMLIMGILKFCMEDIRHTMQQLVPQILGLFHETQCMRELGHSARYTGFHKILFEFNGF,RCFYSDMAKVGRWSRDLSNINLCEFREHMTVHLHVTAQGYCGIQEMYMCFMPTKIYNIFIDPMNVSVRPRNWLLFIYKCQCWQDKCARVAISTSPLNSYSLQALLPDKVLYMWFQSMWW,0
HOST23,PATH43,RAPPLSMLMPHRQCVATLAFFHADNVSYQTPQYKTDEREEYKRSYSMTCTGSIMARTRMPMMHNPNKFAMMGRGFKQSFMWLQRPLESDGCQPINEDMLQSYATQHESYVYWWMSEMIVCCRCWCLQMVFLNTFSFSQYIHNANSYPSELMNTKNRN,MCPPPEDVIIFQYCHSCGKRKWRKSETWIVMKPFEPFYRYWGCLKHRNCCPWNSNGPRFDYM,1
HOST24,PATH44,KFRPYAASTHCSEFMWQQIKCKQYLHLSLDKSHLAHCERQAHLVMEVFKEHKGIIAIQKDMKPPMSCGMGNGKNHLIWCGCSLEHTWIGSMFEEYSKRFTKFRCTAEALVKSEWEPLPWKQPLCAAPNKHRPSMAKPMATMMSGRMNHGQNLPSQIDLLENQGAAVKYRYQCRHKYDENNMCFFQMIGCMSLMSVRVNHEGDRVHQNYCDVNGGYEG,ACAMFETWLMGAFINKPKFWGAATMHRDPWRRRTMDEGAMLMLVIDNVLRDARNDFPNDRMWGYQNVVNVSKGYALGDPNPSVHRTPPLEPPKQGCKFYIHPCRGTGCQWMHHGVWTVPDMPIDEFFHVP,1
HOST25,PATH45,NRSALPFDDSSCTHEDPLCNYMKSAPYVTFPCIFCQTMPWQFWGQLLPNAEFYSDRLVKFFTLWHNMEARKGMCWLLMPQTIMVMWGWFEMESQRDLYVKKREDDECGAAMDDKHKEADDSSPKVLASKITTHHLRPVWPSIEWPETCSYFGIKPRSCWTVENLSMKPLSFDWPMCQFTQGAYWYMNQTTHEKKMQQWRPRVACHMNRANVALTRCYHIFIADPWATWCKM,CFCEGAMWMYADRYDTDQSTNIFGRWPCNIPGMCKRDPGMGECLEVSTKMMRFSGRNQGLCFIFMHEDKHCQADARHYR,0
HOST26,PATH46,NGACIISYYEFTNHIPDQPCYGGWYAHKGRQCPNQCYMPCVLLVRGQDPFQRWNMIMDGPTCDICDHQSHCLRGRMMFAAQGPRNSSYIALNIDYSTTMLRDLKAPCCSSIPFQLRIGLIDARQTYCETHWAVTEGPMVHNQNQLFEIPKTTGNSDLAEVQKTVDHWDHRAWICYIMHCNCIEDNPTSHHTKECCAQSRYVDFRWGTISYYADMDKPQTTPWGTC,CPESRHVTKQMTISGEQEIAEAFMGARRPAPLSGEHTHVDRQVYKYKEQPHSCCAYYINETVMPIYNPHFSEAEWKVTMHARACANASSIIGHDIHTNAQASRYEKMGPYQYHYFHICHRFNHIDHPETCSNWTFRHHENGSIWFATWTWSYQQIEFMQYWTAMT,1
HOST27,PATH47,SNTHYTKFDIRAKVINTKLARQWCTRSGDAPVTTLWQTYKVLARKHCMQLRHFHSQKPNNAWYLIVYCAEAYNWASFARESALAPSQLQPLAPNFRRRSLPWAHEPAKEYGRVAIMKHPACRCVTAFKMCVRFHHNKRLHMGSFSRVVANSTIWVPAQVGLIQGIELDISIGAESVQSKMVSTDLCLVREVDMVQIFSLCNENGYESHCHGIRNQWDTASFQKKNPTGFSMMIHQTDQCWRANSTKPEWESTSLILHWEYSFTNRLSDECRGKLCMYSMDFIHTEVETIQVA,TRHLMVQKWYFSRFNMEGHWKFQWHMTKVVVSNNQPFLNMWCMRKMSRRGMAIIELQAPLKCAQADEWTQWPCTDHPRSAALRTYQQWFWAWDPTETQKDTGFWRKPYCSNCPSIPMFKDYDKLYWMSIGFYQGGGCMNTNGVGVCYDLHREYACPEEVDTVNRKIIPWEM,0
HOST28,PATH48,STSFELWVISIIIRFGWVYWGSHNMMPNKHGHYFYRVVIYSGEKILKWGAGNGRLMCKNCMGSMGTNQCNGMISMWFFHFSIGLNNINPDFMWRGRCEGFVSHYEMFIWGYCIFFNWKRQQAKWKEGPCWQLCQPLKECEKADTVYTLRWRKQFIFKHDVVGRHNVRGYEMVMMMMMESCVQQVPYYLLVHQGWHGFLHWKLIWWQQWMYEAPPCK,IRHHQQHGPSRRSVRFQWVALVVMWVDMMFRVNPHCWDCMHYWQANMAWKMPSGDSTKCFAEKAAVKYGCIFWHQYNLQHLIEYKLKFLVEAEAVAMKCRQEWMPILVTDEDVVDLVQAMIRGLRYEKIWEHWGLRRSNWRFGWVNNY,0
HOST29,PATH49,HYLQNPHSFPFTDITCQCWTPLADWPRHQPSKGEDSQNYQHEIPNWGAMERVSDMMWPTHAVEWNATEDIISCSPTFMGHVGPCLHLHDEADRFPFKMEINIKWAMIFYAA,HHTKLIPCIRVLYHWDTKWPVDYRRCHWWDGTRQEIIFKHRCMNWNWKEECHVATEHQPEIRHLSVCTPKDVCDTHYHADQYYECDTAKYLPQMRAMYCEMWTDYSAASLQKRTSRSMNCERYRLFDFGHNMFRHWPVALRFMYTCVNFECRAWDQGGCLILREDPCLYMNKVRSATKKEI,0
HOST30,PATH50,KQLRVPARSYYIKDHAPPTNKGCAANGHRMGCQNADYIWWQWDSGRLPDCVGDHKSMLVVDLTQFRLKTKPVCRWCQCLITLSCGFCDIYTEAKGKHFLMMWNMQFYWLECSVPPTSHNHAFCAHLTIVDETGGWNYSAQYPPMDDVHNCYIEGKAHEHNCYQDLCYGVSGKYFVAINRIPTSPAMRPPVISHTACDRLMRYYYPHCMHGPINRVNYWDQPGRRKTHVRYDYLSPPRVTPPAM,QLLLHLFPKGCEAQMHKAWQEHTVLMCPQWCEPWKEMLLRLVDERNGQYRKQCWNSWCWHGVHVAENLKFEVKQLGSPTIFMWAQSDKTAGTTGMAAGKDFYLRYEPFWGPNGLGRVFCDTQITIFGQNSLLNPWCFEWQLTHDIWSWVNMGWRQCGLVARIYDCWWPLGNWSISEV,0
HOST31,PATH51,KMNRLIFCDEEACECIPVYTWPWGHVEWPFGYKELTVVVEQYNLGGFFQNLREGCKRWWRDLDQTTYHICFLQFIYWGIEAYEMPNY,WWDLAQHKYSFHGYECVFVTEMNIDGPKIHYQAYQNMEEKIENPRAKKDHSFGFHPVLPNDFRIVVFAAKYHPDGPKFVMLYNSMLDPENMTFYCRTEMESNLQKWCPHMGDLDRYMYNDVYLSGHMGIANCTTCSIEIMCMPAQMRQMLMLWMCWAQITFDSGTWHDPMTPRMEGGRTYTLAITFLGWFSA,0
HOST32,PATH52,KPVHWNAENDWMDVKISTCSGHYVPARDSIKLLKQGTFERPKWPNFGDMNRICPKKMAYYKAHKDTIFPFVCDWKNISNAMPNSPQFAADSSIVRGEWMEQEMKLFSWKDSYLSFARLNWSQHTDLMIPIRMPSYFKSRMRYKRMFKDRTERYYYHRYADEYAMDAATQWHHSADCAMGNHQPPRDRMQTTYHTPREMCVPRMFTQNALLEPANNYV,LFMETWEIVEGAEKIMKEFISMIKVHPSIPEKNENKTARTEFTRRILYTINKCTEHSYSNNRGQILFWSESMISWPEFGAKSSPW,0
HOST33,PATH53,LKARNMTDRRNNEPDLKPLCLVRIMYSFGRTDSFDPLYHMMVHIQMEPLVHTQRGDYNYEVHHMIGCVGRAMPWHCCCSLRYNM,KHGVDPNSMGANVCRRLWGLEVAHKPAEMGVEFNELGLPPMCRSMNEDAVHWQDPLYDPVACMMGVMMGRGIDVKHRFECLKGHIWQWKVRVWITKWEKETVFIGEFGQSRPHMWILRDECFFQHQMMRNQREINDLKIRCDEGTLIHMFRCARQ,1
HOST34,PATH54,LVAENWEPFYSDHRLCMPMSSCYCVWNCHKGRNIAMRVMTNIDHTYDALLCMMYCMVPQPMMDPWDFCWTGLEFLWNMCQRCDRNQGWFDRGMAGVFCKCQARHPWTCSAEPWEDNLTMWIPVTHSKSMSNFATDDRTSWDGEPTIQGDRNPSEQTPYMSKWLHDMDSPYPGTMIYRKTNTKKTWLVQACWQRKCHTWMKKKNGRHSPCGGSL,PNIPADNHTCFIRFCLRRCIIFDHQIAYIYFDRVYSDWFQCFEHRTKYKITVDIRFHAVSQM,0
HOST35,PATH55,FANGHKYPCMVKLWMIRYIDLVLDADPDCNNTYKSNVWDRHRYGPPNAWVHDKKQCCHQMAHPTVWMVANKLIVPDPWEHWYCWGSCDEDQWQIFKLGIPTGKGERNNYTRCQSRPFSPGWPHHYGTFRNEHALVQCQRAVDWIPTNHFMIRVFHTGRRCTGGNFQMYVMLLFLDGWIDMEPMLYLPCPMRCHKGTYVHQATQMYNDMFIHEGRIQYKRMCIWLKEVPKAEGILHAFIW,RIHTGSALFAERGFVALGVCWYDPAAFKCAACTYISMTDPTKNCPVLTFKDQYYWIDVCGAWSAQLKSWERIFVWNFIDLCCVKRAQNMTHKFDYVRCNFRATTAKQYHVHLGSSNLDVTPIGYQDCCT,0
HOST36,PATH56,MDAPCKMWGKKPLARNCNNHWGDTDLQDNPVRKRPDSQIPCFAGNHYMHDWKCWNENIRWKKEATMTFMWPQHWRCFMGHAAHKMYFHNRQWFATYYQVTSHSCPACMRSAHSNLCCRSAEVFIIQLHYEVLLLTRNALNQNWSPPWWLARASCHGNTSYDGHWNHWFIHSWGMQEG,ENAPMASIRQIEATIRGWFTNEFTGVLCTSQSGDTPYANYKYWAPTRWDVHKPNQARRWMQHYNKGHSYQWTTCMYMHMRVNDVNEHWEAKVHRHTIDPVWDPLIATLSIRNNKIVLHLIITFFAKNAHMPDIMKNNPLWLRWLFTNYNISHNRMYCPC,1
HOST37,PATH57,TRIKIWTTKEWDFDIGSHFCLCLHCSSPGLMIDHDMKAWRNAMKKPNLISETAMYVGEKVPLCECRARRVSRKPGTWHNRFHQQKLQQTYKEPQVTCVIIKVSKKES,MQYFIEIHPNQWHHLQTELKKIAHTTQYPEYWLYYCHFNSKQVTCDFPSQEMVEILCQDMER,0
HOST38,PATH58,VTMVWTHTQWSSGANMYMYVSCIPNYMIQKLQNTCMGTPEFPHWKDAAISFDLKNYMDFDIWMVELGLMDNHKYEQFIHEAWMNGAFVYKQFLQMSVVVRCPVGECVKPLKARRLMYMTMVMMFSFLVWFSWRKLTQLKKENKITLYRTSRVLLSQRTMSTKATQLADHLPVCLQGKIVRWQRVLLEFALWCVCNQVFECPHFWFNNHTVWT,QWHVFNGSFFIYNVCFMETKQIWMVDSGMRHTWFTNPSVNSMVANIVSKTMSDEGLIKGITSPCKFDMYSNQRSAWLRN,0
HOST39,PATH59,LRQDGSHDDNDWQELTLEVWHITKRPFTYGNLFAKGSHKKINIQIFQHANLRFRHFTQNYMLTRKHNWQWTGYRFVLPINDTAAGKLSECILADHGFVVMRVDPYRELDHRIMARAKWERYFCKWWPQVGWCNQQKDILNLFASFIVYVMPWNSTFFRQDNHQVCDPPGQVPCVYWTRRQCHTVET,KWVHGLLSFNKPFQWVEDQFFQFPETLYDDIGHWPMCITRFVHVLMSDFYSKIKHQDQCKDDAEKAVKVCKENIDLSWDLLKQKRR,0
HOST0,PATH0,FFPNFNDYECLCWYLSVYMRQWHCTGFGLYDGHTHWANDIYVKKRQMNNWNDFEADIIATHFKWLCQTCNVFFEEVCCNCASKNECTQFEKSWCKEVGKYSPTAHWDIGSLRPPRLFTHYQCCRYTIPWCLPTTGCEWLNVKQAVIGWSKSEMEMHSHNSRQVYTLGQLERARCSKDCFDPDYGVSFCRSTDHRQVVAPGMKKRFFESDKWQSCILIILWQMDNGIIRKRMHWMWVHPKDDNMLWRASCAEYRQPSGAMIQPVHVNFQRCWFKLYYLWWHHNFGHGKKPQCDRAIIG,GYEKQYTRVHYEWGSDTCALYNLTHYQLDHCAMEFHTAIGNEDYTHLRGQNAIGNTHPDQNDWCTQNGGRWWMFVRTISPEAHVLKNHDLLKMIRGTTERPKKRWNEMGFDQEIYSPGSSGDCVKYTGAKAEVHQYQSLMLMDFNWWFVYLQNDRVNFHAMKVFDNMRDPARDYVLHDRHPAFWIGIWRIPGLP,0
HOST1,PATH1,HSIMWIRVSSRCEPVSKNQVAHADPTCWCYRGKNRHQMQVLSSHLGEYDLETYAMICLKGHFKWSSDGRCAYFNVMFAMQDHCMYGYECPVPGTFTGMFKMWHWERAQDEGSWQVAHCSKTMRDRNLDCQINDDERLFSDFQSWIMPTERCRNCASWGLRQNSWGMLYSGMFKGLWASPIHYRYFAKGVNFIWAAKMYICLQSMLAGKCYMGAWGF,GMGFCKYEHEIIFYRQSCHNEWGWFKNLQLRTVDGFICEQNRRVEMDAALYCINWVFSRANKPMFNNFHGYWMKEQADQHFMVFHILTSSRVQCKRRVCMVEMRILKHTDSFLKTWMNEFFLINQFDKYCQWTDQGLDYLSRDGGHKKKWCDWIWDPAYAEGSDLFPVFMWLQAA,0
HOST2,PATH2,HWEVWMIVHTDDKHNFWEICEMPPPLPHQIDDHNFEWFYITPDAVDSFHRGHCWIPQHISALEGRPASYHSINYQGMYVFAPHSNLRSWWNSEMKCTCASCPECQPHQLDVNWLSSKKVMMNRSEMVGWFEHNIYRAVLNFMPMSYTRTLYQQYYSQGNCNLWKNYHFHAAQWSDEKA,SLLSSDDHRIMVKVQMEFYMPITPSIDFYTPIRFHRKLCHIDRCQICTPVNIIGHCAEPMCL,0
HOST3,PATH3,LQEWMKMYNVKPHDWSAIETKCFKPAWEYEPGTLYGCEANKDFHHTWPQADEVITNDPWKWSRKPWATGDEHCHDMEICGTRKPVDWMWHMDHNRKHVPLPDCRTTCPEEEPSKEPTGHFMCKPINTVKDCFCYYIGQLTPECKNEVCRLYWESKQNFCGWTMPVKNPTICPWWDWQPYGCGTNQWTTMQHFFTKWVIRWDYT,LCQGSTTTDQDLFKSMVPHWKLKAVCLAMCIM,0
HOST4,PATH4,HTQPEWEMPAICCSSVRVWFPFDPGWFWLEESKECLWGIRIGKDTDCGRSGYDMTMSEFHIEQACTRGWLGASQQWNGPGQEQCTLMPPIHAIDMWISCSCRELEMSGIDKAVIRLTWKPGSSITISMFTTEWLHWTGQDLVAHAQNGWFESTVCHHAAISGMMHPGHELIGTQHFCHTHWAMPVDCEQKPVRVCLLGSCPQLTVWPCFQKNYKPEMVTQLCRKDFQHVHSPTHNSFPQHVGDAMNFLNFEGCF,KIDFTIKPATGVWFDIHKMFNPSPKIVMTCPAHPSATKPCYMIYFTLNKHFYFGIFVHEPIQRREFPMCNDFLKGKIKNYLNFRVRMEKMKNMDLYCYYNSDGHQDMEYGKLMKEFCKVVCPIQYQRCMYHCSMHVLNNKQDGHDCWLFNWPIDYAMTGCPRHTKVPYQYDKPPD,1
HOST5,PATH5,AIYKMDYWHADGMFMLSDVNPLEKGIHYGAHMWRTSFVAMWFNDACHEQNKHADPGCSFTMRYLAQGHITSAQHVRGFFLYPCKFWWKHKDDSVDKYNKHLEYKRSDGVADWQEYLQTTQHQRKCANRELYPIVVEDWNLMGKGCADSTCVPTVLAWVD,IVEPAVHQQWKQGDTKPRFDSDEDVMRMYHTISLGEFGDCRRGLHNYWTIHVHKAKLYGIHMGPSERANFFGCPNHHNAKMQRQARDAHPFAIPDHDPQAVKTAQPGGTWTYAQVVENRYKFGAWPFWWE,0
HOST6,PATH6,CVNKYYIFEHLGNCPGQNIRDNFKMRYELRNNGHCIQYPCTYPSYSPPTAAQVTCLAVFGKKCPYDHFKMYYIQKQIFSHATHQGMDLTHPWHIECHYNWWCNCSRNGWLKFDKAMAESRNCGVSPDQQTRMCSQMTYYHLFDRDYIWKGICQNFKDNSIFNPKWINIAMGRVWGHVTPDQALSDIGWWGNDSIKDNTSGYYCMCWHEIFWSRTNSK,WWGLTLLAHVSREFQISTYGFEMEDIDYVGWIILTNHPFAGCCGNILKTACCL,0
HOST7,PATH7,EHPWDCTIARPMDWWMNLKDVDWWRKWTLSQCCLQQECPQFDLQTDVFPRGGLLRQKWRITYNERGSPWPYLPWFIHTPIDYDKNLIWEVRAAHCIKLFTLNEVPRAPQHCQEGDDCGGPRERTMGNWHTEQEFSKQCSIASN,MCCQKWQEENCASQGFWIREVGWRSWGIPANMVIHMNPPPHLHQHWGTHVFMLTYGPFIKYRAMVWGCDRQDSPTVWIKGQWWEVAIRFVNGAQAADLAMDEQQQGQVPWIAQSNQCGWDFKTEFSCEFKSCIPTLCFGQHHGNCPFWNMQAAI,1
HOST8,PATH8,NMQRWQYDVKINSHVYNKLAKHLRVEHFEDEGLIQTGPQILAIQHQKRIVEGFAFIYLYVTTVKKFPMKRCPWIFYLKPDTACSDSYTNPCTRTVEDPNSWEWMNKCQRGRAYLPILGGNECGRDYTTPESERCTKDKQRCEMHLGKICEVKEQHRGFDEGEAPVCQCHEKADPCTSGNVVAKLCLSFYNKIVKDLSVHQCPFENPPIKYWIQDYNEPARMAKCKPPWSYHVTNQMHWWNNNTPYLVMNGCYPDIMDNFHEHVIFYPLFVIMFNVHWGVIIIMKQWNFWIIWDS,KATTQLKKYITYLRHNCKEQWMCLRDHIYDEFATVWLRCKSVYNWSQDNAMVATMWKTRMERLIRGKYMSWWDWWWWWPHAGDEPYDSCCSPEGQKSPMPSD,0
HOST9,PATH9,LLTEPERQQEQIGKSCGEYRPYGYKICMQKPMGIEPIMVDRIKRHDYGFKCSYMNQHSCPHMNKKPEHQIRYIIGGCKGASPTVLWWDPRNCQDLRALWYTWCREHSDFHDNHGCKFWVSCNFDGLPYWKPAWGACFILTMQLSFMREGNMSRTINMVWNQCGEELSYTIVSQPVINVGKITKYSWTRNLIELDCTKHAGAHWD,DYNDKLHHIPFAKQMDHLKVIIMRALSRAHYACVKRGGYSYHYDTWPVECMYGIWSSFEMMPEVRCCAIMNTFCGKLMSMSFRVWWKWACYSRTLEMFEHNMQKTREMKQKSGYYLKACPTKSTNWPFEDSQCENHQDQYWISLQMPRSCCSKETFLRYGENPLQYYPGAVVHHFHGSLHGEPQRYKCY,0
HOST10,PATH10,VQQKRHTDIVIMTAIPDDTKTQGHGSRIANQYTELTEGEGMAPVGTQVNFMMMGVMPHSGREDQSVHKSAKIGECRYNYKTVGEPWCCTKIAFFSHQLELESDLTFIFDRPRNENAQWCTKHKLVLRLQCCNDPEPEVNGNNEEHDGYG,FYSCSQHKFMAVFYLADYGTMFSFSYEHEENLPPWMGQIWFERWVVY,0
HOST11,PATH11,WLPRSKIKGQWVSWNMNWPGIPCGEWYVMGIIWVWKWQKRQYHIGIRPPTMMSADMVPFMVGGNRAQSGGRCFKPTLKINYAKYFQKTAPGGVIYLLKHKMAFDMHISAFWQNMVIWKCKVSAFWTVFPRQGTVRWWTNFPAPNAWEPTHRYFEFTEFFSWFQSCCQCSN,HFIKWDISVKTCRFCLYWAYAHHGFLKSCKLIEHFFATDYPQTWELTAWYTHMSKCTNHFHRSPVLMGSSHSTFILCSWHTTRYDHYHYKRSTWHKTSCCCIHAIEYPYIIENCVKLETHRIERLC,1
HOST12,PATH12,YSKTDWIENGHKWCRLHYNIKGLRAKLMWIILWWPRDGQISWPGTELCHEFSIYHANWEQSCHVKFVGIPNEREKHKPWFWCVMYKVKTKHCPLAFSFFMFRTWVEVFSDEDINGFADTSRYFACEDQLIPHIRAPWTWWPDRWIFIYSANAMEELEVKLCHGDVLWSKHLLGWCCKFQSMMFTLTKYEPDVRGDPEMVPGYKPEQQKDHNYEQTFPNNCPGILDYFESERTLSFCVPAFNFYGCWYIITGFPFYGFEMQDAFIE,LTVYPGLDGGVNIHDSHSHMFLTICCQHRTPGDFKSEMRLHRTIVHPRSDMAYICRWMYVKLGHRRTTLMEANWWIVHPWDRTSHDENAMCLEAYMLNQYLTAHVVSIA,0
HOST13,PATH13,DWHTCNTDCKRGHRKCVSMSQYLEVWWTHGDRINHTNREKDGIDCHNQGARAIHPMRCTDLRILQYTDYQDNVMWDQITEQCRAITTRI,ARFFGGSISEWVEMFSLWWWDWHPTFFIGCKPKLDFPCMMYLRGSCIIHHIFEATTKDQENASDGKLVQWKKKLCRDHMPDDRPAEAKDDGAKNGWVYFWFVAHNIRCAAIVWYHLWHIIAMPGATQFVR,0
HOST14,PATH14,PYEVNMWCMWGWWYMMAKKIANIWARVPVMNENTPKKNPKQCFEKVLWNFKIGGNNMGDLLSMSRHHYELTMCEMSGEEAMMMFFCQCQRGINVMAAARSCLYDMMCPIFSNDGKHVRDADL,TLLHVYEEAPDFQDMGRYEFYYWVFILCYIGPKCFSLKQSLHYDQDKYDDIWGWDFMSNAKSVIIEWDNNAGRCGFKPQGGTDTCTAFKPACLGAFQAIIPGHFMVQWLYNHVNDYWNQQVKDSMQNTWKCSSVIMFNEAVTGHCGVDTTLRIWRHLAAVPNCSPQYRVYWQETHPGYVLMKMCNYGNVIPK,0
HOST15,PATH15,WTQVIPAYHISVHHLFNANKMEKCPYNAMWIAHVCTPMEQREHKRQVDAYWTVCGRINLRPLSWACLKCEECNTMMSTETIDYPSAYWFSSRYIRTPVAMFNWDSQAYVTGCDMLSVYRKYCASLAQDLHPHQCWREHVEYYPCLDANYYRLPWMSKALLCSRRVIHAYTWNSSCRKRYEDWKKFQHHAPDEYNACQELPELCPQTIAREWSVPTKPIHETMDIDFDLHGPIVALMDKDWWYTWMHVGPSEQMAM,MEIIDWLMPILCYERHDCFVLSNWHRSMEYLDVEPWLFKWFVARQGWNCAKPNYWVNRHPCHETEDNAICMTCACQHIYKCRPGCRKKNRRTCNESELMLAMCCYLTMEHQGMETIEM,0
HOST16,PATH16,EKDPPGNLYKDMMTWYNLYSPWYKFWYQWISEKYPHLWCSQLIKDHFKQFIYMKQVHSTGMFYGWNSTGPKLKRGIILWSNRETWALSRFHQEIICYSPDWRCACYSAMIQIEFPGHSLNYTRCTNCNYNYHVEYDTNIMHVTCGVMGYEWTNDYSDRLQIQVTHQVIDMRTSDWKCKYRMDQEPHPKDQSWTAVFFIMQQQKEHMNQEYAQIPSKYLLDPVERSHPYHHYELWTGWFINTGPQMRQHGKTWFDEKCGPTRIQGKKGWPIYMVNQKLGIYHWRKTPYPCKSWT,YVPKEYAQDFSLGQGYDKCFHMIPRNLHCEGCYASSHHNASDVSVVKEHKLRAYLRRINPTMLTHIQRGHCLQPLEMGTGEKMMAEVEQARWHL,0
HOST17,PATH17,AHFWTNPRNNWQKPCLVLWDIDDQNTQVYHGNCHEIPPAELTAQPLVYYVRTSNHPTYEIWGQIMFSQVMQVQDCMFIEPEANIGMHDISADPNHIPQHMYMPKGRQTGYPNNHNSLPMYIVCPMPYVRHGNANKETANDFWRW,HCHFTMFFTQQMPPYKDMVSFTMNNDIGMAERWMWDFTCDSVRYSNQIMHMANARWRHACDDDGPLAYEKLFCFKTWHLWPLDREHSSSFRAGQETRKGEQWNTHWYTATAPGMRNRKPQWHYCAPRKGVHYPNPLIFWIWARCL,0
HOST18,PATH18,KCYNNWPNRAWHSFRWHVVGTSVWPSCDLNAWMRNVNAGKLFSWFCGRALTLPTWDISRQRVHEHMGREFNLSWEAPWCCIWIKTDGPIRISLLAWDLHEVDIIWSDAKINVRFDKIRPCKGIMGVKRFPKSWAPVVCGVWCKNLSVYFLNEPDICDRRQEEMVQPEGIVVFQLWVHVSCFRHFQWMMYYAISMEGVNHPAHFNCDTRKHCWQIPCVCPVKAAYVNQYYNFNQFQYVEGNYWFMKQQNSPCRAANRIHKTNMRDCETWDD,DKLHIRIMFDKWHHMYIEYRIYSADHMPGWQNPCDICNGPGINHESAMTWACDEKGWQN,0
HOST19,PATH19,YACNCSWMAHCHINHGYKIYSDYDYHLIFLLPANNMCNKWDEDDFNDDVCSSEYWPFICTVDWETDCVPSPQDWVPGKFFWGSKNGMWFAKCMMPFANCLCPMIAECAHCCQTQCWSTSTGDMFEYPCGCRNPGGAINQYNIGIVFPDGHMKMVYVRKDCIAGKCTGHPFDGTGSVMSMWYMLVQELRAWHEVEYAYVVEFKPNTWRDWPPSWNATDYK,DDPIPKWVKNAKLRVGSAPKGNGFDPILHNQFSSIGCFWLAEDNDKKTHNQLPIGHESKIMH,0
HOST20,PATH20,DSVLAFNMWPVYYCPLFDKMPLCSEFDLMGRTPVTRAMNNTCHVPEDHRRAGGTYWDKHCESSYAMKRARPMCMPLSKVCK,GNFWRINCATGNAYIWRNRFTGWHNVTEPCNYWYERQEMDDWDMKNVDNMFDLCKIMCLCEWIVGVANFDILYFQRFKDTNNLLQKDYKYTQTFMMYTHLRMQLCELILDGCAMLRSGDMFHAQGRTKALKYFASLQ,1
HOST21,PATH21,NPMQKVQGVILHGIPPICPCTQRNRTFRSPIHQKPAPIDPYCSTWFRHDPSRRYLGPMGSWLTEDNSRWLSYYRPMRCERAYNPSHHKIEKFIYSCVTQHMKHQC,RFTAQHAFAKWQQCSTSPAVKQCCCHHMNVDVEYCFDNGMDWYGNLTNGFRLKMHAQTHNYKKEKFWSLHFECLDSSNGKVMIMSNGRYKHYIQNKNLLSAPIWEPRVLWKYCYEGYQDPQRVRGHQEFCGDKCEEIHT,0
HOST22,PATH22,DDIRLSPNHAETADCMILCVDYKFRGFSLRFEHEQWDALHALSQPSCTPWNEHVFNREWIYFIFLPLGNDAYNKMTLKPPEVDMIKDSHRFMSYKEHDRKNRDHAFHFGEGLWVTCASIYANKPDSDRYWWHFKQMEQF,DNRIWPCAMADAWNPILFVQTGQRWHPAEYQLMFTPAGKKKNIQNGTCTIGEWPWYAMGILRYAVDTGFLCGTVHTYIGCKKTFYRYEWFLIDNAWGRQWHLAKEPAICSKLSKELWYTCHTWNPWHQPVFRKKPKY,1
HOST23,PATH23,NYRSEKISFALDESCTCLIISAPPNPWNCHVFTWTFLQDDMEFMICVPKLETQWVKCYTQWIKWSPMKVARDHDEMTGLATINVQVNETGICQPSFAQGMIFVVCDQMSQVLPHPYSQRTHHMINDPMIPIWFPPWDMPNAPPDPLLTIRKSMNYMKRPFCIEQLANSP,SHCDVYVRASPRSWQMHIPAPDSGWMKNRGVKQFPPPLPPFKHMEGRDYSMAIAKQQYGAHHAFLWFCVMWMNAYENDIIQDMATGMKLEIMSSDDWCMFERLFNAFVNDFIWHIAWNNKHNDGKHPPIQKKNFWHERCQV,1
HOST24,PATH24,YQNQESCCINECESWWNNMRSWHPTMIHLWSIQHLCVTWWYQIHSTHTSIETHPECVWPRAEDMRMYYRRTFVITNQKEIIAQNYSYQEKEKCTNEFYKSKTWTRHEWIRSRPTFHSKYCPKFLKWRCKEITRMVWGHMFLMWDGLSIAFIKDDKCNFIGVGGTRAKKFCGCLRGGCNYAHWYDPIFWPDVHSIHVQKHWDCMRFH,CRILSSFHAGINQKWSSGQSYECDTDWPQSWWDH,0
HOST25,PATH25,GMYITAMFRGHPMPHFWFWVTWGLECRDATFVMMGMFQWTNKQDWLRAPCMWYMHNNQNRQEPNNISFCDEAMEVGRWDQIFVRCSCMHLAMYCHHNSDKYACDKPNMCCRKDKISNQMRFAKNW,FAFDTKVQYEQTSCWWLGARYDYLVEKIWVYEWEKKDSCEAPHWNNQMLRSCNTKNRMNGFVCTDDQELVKTGHSAPVCCKTWTEHGNFQLLVSTPPHGMMRGMQHDYMWLPMREGRCYNHQPQWMLDAHFEKCIWETNFIKWWTKWVDLRMALGYPSGGHDYFSVIMLCEILMEMNQKPYMESDGQG,0
HOST26,PATH26,HWALNYPMHWEEACWLCMILPEEEGLTHHAEEELPNEGANYYRPLHRSCKWDMYVPGHMFYCDGRISPLKDVFTCIQNKWWEFKPDSQDIDYMDIRGMKPCRRLYGRAIEYEKICVAYV,ARLNVMIWPESPATRPDPVGCLCEVRADPWFSVPGRMQKQVPWEPIWSTMMQYLPHIESGAYWIWSPCLICVDMIAPPAFMPHDWWTIAPLKTYWSGDGVVMMDHPHMQFCYE,1
HOST27,PATH27,ACRNRLRFDEVPMIGFEKWHPHCLNKGAFCEYLFISVHAHRDKKSLMCTDTPNAPYAGIWAKQQKQKKWKAADPRYDTIPEETLYDGRRQDYHHCCSYCGFAAHSFVPPFIWKPEPLAFFCDAENRGSYCTEKWHEEAQR,SQGGVLTQELQPPRPSGDFEWNHIRHDSAWWPGCSLGATTWWLKDLTSAVEHYGQTQAMFVEGLHLGKTEPMEMLPFMFTQHDFTPFTTRHSRTNTFDIHCREFGCMMPDKYFYRHTHDRTLKVMYNTWFKDQQYPNVVRPCHSISKCVHCYTKDTWNRTCSHDTLPIYFDCGWHLCQDR,0
HOST28,PATH28,VIEKWNYVTRAGQVSPILNAPAQFKYHMSEFHNPKQKIACSSHVKKFAVDDDKVGLHKGHDQVYMQSNDHRVSHYARSKANFNHTHHDDHVGGMFQVNVANVELWENCLWLNWDNTNTNGDEEKPHWFINITIDKFCKINDCPTFENHRGIWPIQYPHWIPLDEWENCSLNVSKMYWLWNLYFICCLSTCPFNEDSCRHYLLWGY,DDCVCVNNGQKLPGLYDWNFVEHVWLLPEAIQFADDMEMSLASMMPNRED,0
HOST29,PATH29,QSQFVVLYMRCIIVMYLDHKFAAHDHEMYVEKWCQIDAIAPWVPHKWRGVAIHTEKRQPELWLQLAIEYTYNDRDLTAKKLGCYPQRIAFFRQMQTEAISNCDLWFHRLTIRVPQIQQYNMAWEAAKLVAKLWMRHMQDHFPDQVYHPWWQAKDESLVIQIGDSEQQEGIYLHGANTGWNWDIWKVLANTWGFWMFGKMRVLSRWCWKTFVRWLYTDGNSKKYGEMWDAGDDNRQKDDAWDNRTDDGNNQ,ETIMMRIGRARSAWRRNAQGMHYFSSRSHYMYRQRERYAMIRRFWPEWEGATIMKKLDPKNEFFCLDKNHLYFWEHWATDRGKTLPMMMRSCKAKYMYDTRLVPEWYYR,0
HOST30,PATH30,AIMWHCIQVMWNIGAHGEREWAFLMGVYIALRHYALWYHRARTINPDASKIFLPKLNFIRQKYILNDAKQDLCFGPLMKIN,NAMLDNRFKNTTWIAGYWGVYCSAYDLYDR,1
HOST31,PATH31,TWMFSACASKLQADRTSNRCKGMQNKQCQYSFVGRSWWNPGHRRCTCMDFGLCDQRFGTLGSSPCFVMWFEIDDFQAHMRGETAVEQHVI,TYYPNIHGGQDNKSKVFWPVCQIDNKIMCKYWISWRISASSIKYRTFVDHKTKLKDMRHKWQPGQKTEYACRMYNSKKCRGFVNGQCGVACDALPLSHDACYHTCDIKGWKELPMWFTFPFCYRSVTLSVHPSSAQTTWMECPYGIKPIELWHGSQQVYISPFMFTQPVPKANDQSSEEDSGRLVQTSQRFNPW,0
HOST32,PATH32,INSFWVVRGCEFRMSGWTQFTFRDCRWRRQDCGPIWWLFQGAPMHAEQENSSPTPWGIQCAVCCHTGDEGNTTWMMEPNTCDTKKWTNVCREWMVTPESFSMYSNQFKMCKYKGDLSPGCHNHFLIRYGRFPWLMDKGFQNVANAHKYAFDETSQDVGSLQWITNWPSCGCSLYSQGGQDMRFTMQAWVDVPWHRCAASRGDNLSQGIEAGLWVVTMLRGHTAIWSSRPFKGPFIHANPKECCQNPPSEYNCTRIVNVSQFMENLRLTQEWLNCYPVGYPCQTMSFPWDNNFED,GQEAYCEGALEGWNTNMSYKAISRYNPWQQPWDYTHKLLPMNGECKQVFTNSEDAQLIIMSTFGDYALHRVDGQELNP,0
HOST33,PATH33,RFLHGEWIKRAHCWGTRIDSMVMLCGCYMVPRTDYIFVAISYWTQEPQKGATMSEMMPYDCHMIGQPIYGWLCVTSKIEWEYGDKRRDICIIECNFQHNHDFCLIHTKVIAYSTYPHFWGNGHCGWDGKQPSWRYQEQGIIFPAYVEHMNQKLKTHQFTNRRHCMC,AFPHEEKGDYPLEYYDFTRLGWLWDKFKGMTIANCIKSANMRMISDGVWWSWRSCWGRHRHQDWQVMCHNAMNFV,1
HOST34,PATH34,LNFIYNETIFMKRSCNSGWFRFQPTVSFPRHSDIQLGWFMVPFPFGDSMNWRVATRQFKPQRSSIRPSGKRIHKRQDHWAGTSNGLVWTQADEFPEVS,VPRGSYYCMGKHRIWVERSQNEHRFDMDRQYVHVSKKWKFSCVEHKKPRMTVMCPINDPGEQNRFECCNHWWHMAGVYNPRAPWHGNCKHQWMIYCVCIFSDRWMTYTVHAIGGETRDEITLDNMYHAIIYTFMPCIWSLPKLPWIKPSSRNLWTPAQREWCNSYQHQKYHKKHNFAFKRIVPAFEHMVKCRVNAFVDV,0
HOST35,PATH35,IILQIELAMIGLYMFMFHMIDMEMYEKDLASMDPMPMMNDAPIDQCGTWGSAKENPSVKKVCGWKPVTYMRPPSMCSFYRVVNVYCYDRMEWDKLQQIKPFSNIPGYDTMWVHNTVNHEDISVNWALGDFDCVPLACLDFFNFDHLWICKKVSHPTEWVNHQNVVSETIPKFKWNILNSGWVEPFNAKV,DTNCCSNGDFQYNDDVHPNKYPREYMMACCYRFEGQDKYHRIATNIPCMEGDECEQETGIDCQIKLFASMFQHDKRHDWDCQEMCSAPKCWLHISRDMSHCRNYDYFYIFAMQYYCCFVHDWIHF,0
HOST36,PATH36,TVAWFLPVCRKQHHCERPNTLMEAWKQHMWCECQVMMAGGWYNNPLDHTCTWAILTGSFVSNFLPIWFMTYNEVGMRWKIIPCEKIHMNDACKHKWFAIRS,RSWARWGMFRANHMMRDTVWYCNMNKTLYWPEHPNTGKFCVDQCPYWIIKLNICAFCGPYPLFRCFHTAQTH,1
HOST37,PATH37,TMTHCDELCDGSNYVICVARHMIFINLYRIEKTWLSWMDDHFNTRKYNQLDARDEFLYRVYEDTSPTLINYRGRRIQTKFHRCGCATGYWRQRSNRPCITSIEKVA,HIHRFDKPKKMMMFMLNEWGMANSYAWSWDFWSRTQYGFMCADKKFHKHSLWWHQLALHQNTCESKFGCHKPLVIKWKFSQWAREHTGNTVHKFVHKEYLRKEATEI,0
HOST38,PATH38,TVPTQDSDVVLNPWHSLEAYENKYTKTVGSCPSRVHYWWLSWRIDSFQRLSWADEHGMYYQCKIFYSVHHPKEASESNTCHWIHMSDQGEVQM,QHQIYVITRRQQQWHAFWIYKDSTRRPEFSNRNGVMPFQAEIFVSGMKLEGKKWWAECCAYANTAPAHDPCWNDDTMMTRWAPVRRWFDWYWQINYKTMKPCASSYSQVCGSSKIQYMRVSFIKIEDMNMAVPVTRAMFWKWMSQRLMCMYEAKKEELKPDDWQLFCLLMGTHRMSP,1
HOST39,PATH39,VKCREAECWTMTESAKRLRHSNAAWVSKTPQDLFQCDWRLYKCVCNPWRPYHLRMPIPQFRNSELKHARYDSILLHAKYMRDVWFHSEKLDDHQPPQWDPNLFHHLKPTACHEVCMAQGIWINTAFLYERVMYQMIWTRKSQMARGLGKALKYIPWCNLLKGHQLMLPEDHDPVTSICKRDARFGEQPFLYLCDFPDMIDTLMLDQWIMNEADDVRRMQQMHKNHRLAAVMCWKNMLWEITASMMECTCWMCMTVMTEQADQVWFRITM,HHKIMWSVLKCFMNQDKSHMERRDVCTPPSTMCDAHEWEQTQWSAMSWCTGWCWQHDFKWFPPNGLHQKHLTILCCGVYQVGINAWYSMFKWECHQLEHADCAFFRQSVNKMFAWDPGREGYQLFPGCSQETSIIP,0
HOST0,PATH40,IDWHKFYCKYWTENNTKEMTQKGRPFQPDCNKSCILKACWITASWPYFDHNCGWFSPVETEHRLPWDCWEVLQYTGREEQSSNTQAVKACVTDDCPHLPEMPVSAMWTHQFQFHGVVHFHTWISGYKRMKTPTWKVTNKEMDMSTFVYALTPLAMLRMGPQNHSRAQSIHLTFRTTNYYNHACDLAWLLP,MPCNTWCTERRITKRFTGRVPQCLNYEEKWFQIMRLACCATNQGDMSWSQRDKDEDCFANYGLSFVHEVFFLWVKFPWKYTQVGDCYLITRRCHATIADTSLCFMNAANYLFKVCHKNEDQQSNQKRLDHGLFNVVNWCYGPNQANDYEKSSDNSGW,0
HOST1,PATH41,INIGNQENMPADFQIYIHFNHSKHRCTPFQMVDAFYPIIKSPLAKNFNPSHHANMRGASLHPLKFQDDFMYHWVLCITTVKTKEVYKLVMPNMTRFNVVKTLMAWLLMYNPTCMFQMDRCCVIAFHHQTADCPSPNGFFDNRFVVEVDDEYFWPQMAVTLHIKVLP,NYVYWVYEAKEGYKDNHKLKVRSQCGGIWLQLWNEPARGCACSLRPMPCRDCVMHIVMCMISHIWYVQKSAPNYCVPVTNNEVTIVWWEFEVPGPMTMVRTGQLHIYKPDEYEPMLLLPHPSSAGKCIELIFAHNGFNIFN,0
HOST2,PATH42,VAIFENRDNDASPCFHWPEMPCHYPFLMSGGGLLVVYEPQEGFADMHWSWEDGEHITAKNIWSCIPSEFIAWHYLFERWQDLADKPNQMQKQACIPPGVDQWNSAGDSADGAEKPHIKIKHDRLFDPQS,PISQVKAEVPDAGNAMLSTMEYQGLMIWILNWFWQEVNTLKKQSDVWYTTETCAWRKYCCAWMETVSMRTHTKHFMKASWRHPSWWQYKDCPHGHMTIVRFQGGTRCKYCMAYENKWYWRLPQNEDCLEVPMPPDNQYQKVGYAYISPPAEDGMFSHNRAQMVPLCNSGCSYSD,1
HOST3,PATH43,EWGTYGLDQCLGTTNSPGYKVWICLQFCVFDRGNVYCFQLWTDWACIHQESGGELCLKYQTENYETGGTFDIEWYKKYIFVRPRACNETSWRKHCKFQNIENAVFWKKTDGHTHPSMFKFFSGQCKMKANFNNPQVWNQMNVAPNRNIIPFCKSVIQSKRCKVAWKNPEQLYTPQKALTSKHHRWREDAYWQWPIMHDWKRQNGPNCEYNSIEPISYACEMCYTEMGHQKT,QQVVCVCVVGFHCPPSPGACVYRWAEVFVYIYHQCHKCCRVIPDLTILMSSIDDFVDWMWFHPQNCTTSTYCYAWTNM,0
HOST4,PATH44,GKLGNAPCGIVRTCREPDSEWLQWMHKFQQCNMRVEMSDIFSYHRHNHVNSVSNKHPMFAGFQEFMYDVWYICFHDQMCWQFNYIVKIVLRDYINPSSDCGGMMEQVSDCGQCHQKWYQFNLFAMWWDTWHKTHQKFNNLFMDPWTLFRKKIQAWVKCEVHAKRFKVDVKCWKDPFYCWGVIVIKICCFITLDHQHNVPWKQKRTYKWCDGHEQHAFWHVAW,LAKAYMTIHFTPHGKGKGDVIWIKETYFAIKWMLQRYDPRDVCEMDSDHRDRPFFKEMDVHAEHNAIKKNNKTPTGYLFKWTFFRVYEEFMDFDLVGSHRWDHCADRWTISLQCIEFEIFIKKDFGFHWNEGMLEDWRCLVIVGSDFFHCHWGGFTMTFERWMMIPGNGP,1
HOST5,PATH45,SSSDNCTEHISYENSGEAWCMTACFPFDKPILLGFRDHMWFEQDNRHFGSVIHVVNPHVSNVMSVWCQRMWSLNSYPNYARSHMQCQCIDYWMCGIHPTLCQFWDISPAEFICMCYEWEWIGMCITWTGEEMLWQVNCESIAQMKIMKIHTNKPGFISLTCWMQFMYLDGKLDKNEWHMVYWC,YFLPHMPQNNSKDVDGEWSARQDDFSPAFPTIYCCRFFITQTWRWNHPATITQAEEWGDNISDVD,0
HOST6,PATH46,PRHCANYFKMGGPSAMSYCCWKTYGTFNCTTYYWCLYFWESEKTDWQHQQDIHGCIAKLSDYAAEAPFFQTWYHEPMKYFFDSNTGGWFPEVFLPCLQDCAERWMFIQCDLWFLIQEIPEKPMIAWAPQAKLGYCRIQENYDYSQYDDGWIGHHFDSGHHNKNQFLLYNRLMMVCRTGPDMFMVHDDRKENHYVPCMFGGEWAKICHILAIVNVVDYGTWDSSKVRYDTNGNSV,CQFGFFLNFELMTTRDNFPPQKWVETHLGMTPLRPFQYPVFCYVVACMFQKKDYRIDRMWQNFLRMYCRKT,0
HOST7,PATH47,ARTHADYPMWCAICFVETYIPQDTWMATASRFGIYNIGETAGRFSAYKDVDWFREKGHQNWWDDKRWIQGCVDLSMAELVHKRTNRRTRKPLWFAPEHSKPQDEKQYADMQNVFRKWEMSNNFCGEWNEMDWMCMDCQFCNLCWIQYGKDTLRNQVSQTWTKNFDGKKCRPWMWGQCFLTASVQHFTGMKIHVDDCFESWRERITVKPTRCPVKHQCCWATIMKGNWTFCCFHDFWCAQIEIALRIHNYRIVAMIPKACFDANNCVG,KMNTYWRWFGRINSIGNDRSIKNNCVFSYNENGNSRGNEMRIFTNVKFANDADVGNLMSKENTFCHKNAPYMMDFEWTHQQFHYCFMQSQSQHLVQQPSIMTYSALFNIMWNKEDEKMLCIMWNTYSEKCDPL,0
HOST8,PATH48,RNHIGNKFDKKDNEAEGDCIKLDHIPLKMTHRGIACMATHGNDRFIARFNSRVSQWARYRLYIKIVSHAQNLDHKRWMTTETRMQGMPPNHLGHINHFSEQWCVWNVFHSMMSHTIKKLRAYLHDEN,KAKADVMIGDGFHVRHWKVGPGNCPRQMWPCRRISANYYSR,0
HOST9,PATH49,YWRQGMFWMFAYEKPIDWELWYEDPWYTGVETIKKDFIGKELDLRVGPKHQAANMADQQHRMTKGKITESWNVCVFIGDILMGFKGMAKSVQIAYSRCVIFVKYYYPAAFEANSMEPGQAWIPNYHNYPHQIHDAVQPLQYKKKVMAFFIAKGYISFFLDCYEPIDPCSSRWRGCWNSELKVNFINYNNKQFGPPAEQSIAAQCVKRTGEGCREGFTTQRQFLFEQVIVQSKNLESAADNREMSTSFVPKCQFFMN,EAYCAMVIRMWKVPDYCVMKYGHWEQREMDEYFDVAEQMVMAGRLMCPLDWKEQYPVVLSATTYGTMYTCLQLLDKLHLCYWSGMQK,0
HOST10,PATH50,NGPWSMTWRFAQAMWGNQANQEHVLDPRKRIMQIHSRRPHRSFRVLQEDCLPGQSHSFLICCFIGHVQITTSQLETFSRWHQEWHKACACCVFPPPPSYFEGCSYWTGPYDREACLFAVSHHEFHTKCRHPTFPLGMKYYCDFVAVSEIDQLAGDCSRCVKTLSTGQRWHKPPRQETGMEDCGAEDRMTDFFLRAYFSTVCLVEYMDQRESANPGGNMLIWVDSFDLVAVTYYAWNEVFLEKKTSGLHGKRKETTV,LQVGHQSTMEREPKCQDPLGRFMEGVEEQLPLFPCCEGYWTMRSHTAICQSHENRMMHYWCKDGECFNMTWRDPCMEGMDVGWNVFEPMNQNYMKAFDRHIITRIADHLAMSGWRVTTWFKWASESGLYGNIQYIKMIMEQDHKHPSTTIIGKRR,0
HOST11,PATH51,FFAESLFNQSLMRYADAAHIHWTRDHTREHSWRDVEQRYMAGIRPFCMYGKGQPAMDYKINCINDFPPVDMDRQFRSTATKRCHQNNYMFDRM,EVDCAQRTLFDAPVIRFGSLSCCSYDCMVEYPWGQTFTCWWSTNYPENDHQQPLTFSMPFNLSDFCFHWCYWMIPFWAFLSFIDWHLLGMITCSDDPSWIPLSPALMYFGSVKMHLLPSDLVVDIKKWIAYECSNYSWGQGFYIQVQQMQF,0
HOST12,PATH52,PTNCDVGRIAARRQGWIKHHTVDIPAFCFDYGVTMHWLDMHNLSMVARTGWECFTPSQLPIFCDTCLRIAPEMKSFLFVLLPKEGIRCIRHIGYRIHEPIAAEASGHYPRSTELWDKSQNLWRTEYYYVDTKIWIYDETHFHGSWWRCTWCIYQIWQTIANINMANFQVCGYVLGLDSDKCLCLTKPAWCTVQNKHYMDTSTNSVRPRFLYMAWFDTC,AYALMMAQLCIDPRIKIIRKNSRCPTINGAARFNDDHLEWTMSHKLMTKDKWNCLIIASKLGYELDAHHDHVAGISFMHLAWFLKVHNNLERPRKTYLVIQSKIDDQFPYSHVWIGKPSVNWVRYHHNYNLYNVWANLAWTNEIHNSLFIAALVALAENFANFH,1
HOST13,PATH53,GDDLNAEEHGYQNDELVTWDEMDAYIHRMVRPFTGFKRHTPASHLAGCIPWLKGSHAMVRYHGAEKLDNEYPMYTTMGWTFKYWHLTDWTASRPWQNRTGGADTMWVAHCKAQQFHTCKTACDYWLMYDECDLRRWCSIGNVKWKEAVKGVTDWWETCRPCFEDWIENH,GKFDHFNLKHIRPKSCKNQHARDGCTWYFVICFWAICCHWMTKQFDVTLWKKNDKWRMGMIAYRKLCYCLKNNCWDCINPHTAFFTYHENEPCMAVS,1
HOST14,PATH54,AEYAQDFKIPCLKRTKTHSICVYGEVQAYCIAECSGPRCCGLMTFPIIGIYTREMFIVKRWFWTWWQPQICGVGNTLTDDLSRSRVCKLSKCNRKHGHYYSCTILWR,LHREQVEDCMHRVKREMIMIRRGYQTDKWWK,1
HOST15,PATH55,KDLYAEWSDHRIKSKCWWKSDLDSPRATYNNSKKLVQNISDIFYVTMYIPSIDSGCYYVHLEIMWACYFWDAEGSNNSHTPCTPTRKTVVLLEDKDPPIHFFWMRFFDAEKLRPCCAEFANSSRKVSAHRATINFDFTDPHCCTAAPRVIEHLYPMTLEWSFIPAFQFLSVDWHTNIHCEWWTPNHYTLHESRPTLTRGLDRKFYYIVSNIKK,DHPSHYLNFWMDCVPPRKPLCTAEQDSKHGQYAQHRRMHYGEDISIMYFEYVDQPQRQNKSCEYTVYKVSQSSYNYNIDMTGPKLMTYISMINYDLNPFPGWRCNFTEPGAGEHQIRSRT,0
HOST16,PATH56,SSFRTCCEGRPECWMDFFICPGCRLFFKVPEHGTNYNWEGNTIHEGWHSLQWPFWRSYPTVCLHLRLTTWEDTDPNLFNKHHCCRVACTLYDQVAWFTWCMVHDSYGIPKQY,RRYVNKLCDPTVAQQGPHGACQRVGIHGWKLENPYHLQLPKPHHSPERKFYHYVQQIHSMGDQPTKI,0
HOST17,PATH57,PCDDTYTLWMTCHRKHTGKWMPNLTRLLCWKLPFVFCVQELAVLQHEYSARFFYITVPEDLSHRLTRMDFPYTMVIYNDVVCFDAEFVKFACSHLGWTLMTTKQGVYGLNEEQYLMDWYSWLSYPLFKSHKCLNRC,HCAQHSECAKAPWQFMQNEDHHTCDLLDIALDKCFNKEVPMVEHLYWSMQWARQRFIMTPHRMKFDHYEFDGFNNMFYGEAIKAHCFGNDCHQKAYHMWPFIQYTISRVMQKVVMHHVYADYWNRGGWWTCFHFPTQYQKAFTTGCELWRNFHWDESASQWSDILGELYRDFPPSAYCHMMATPRTVCKTWAHE,0
HOST18,PATH58,RQFYFFMYVCNMAIIVWNYRVYRNMDYGVMESWAESLRGSMWAMWMMHFVHMRDFYTFWKIRQHHVQCNENQRCSEGLMPNCKEYEAFQGERSCGRIQDTREHIREKTKWKMVREFPFFIFQETNFLWMAYDQPHDKRASTCEHLGFFWSIA,EELQGERTMYVEKSNGHFCFKVGQLDNRDLKLHMHGHKVMDWATMAFWFDPAHMSDCQDADNWPIYEEFMVVMCTKGRTWCEIQPFRGMNAEGCWGVDGVKCISSTDFGEDGGGDANAV,1
HOST19,PATH59,MLFPYDAEVQWHGVTMVIKFHEMTEHADVECRDKWYEHMWHFAYTRMYEKNGCTSWWSFMDKVHSRDALCGKQHACQFKKTDGKEDENNAAQFLLVKYYRAFDKNTFWCINSEHYRRRLTVNLAFAIMPDADRAKPYNKEITGCSTENQTHMLATSCTTCTWGYIQECGCLDH,IFNCVFKTTMRYGNGWQMVTDACFVDGPVVCNYEKAQHGLNTNCMTMMHGTDGRNPVMRMTPQGSFVIGNYLENGWPCHFMNCLSHDF,1
